-- phpMyAdmin SQL Dump
-- version 3.3.9
-- http://www.phpmyadmin.net
--
-- Host: localhost
-- Generation Time: May 19, 2011 at 03:23 PM
-- Server version: 5.5.8
-- PHP Version: 5.3.5

SET SQL_MODE="NO_AUTO_VALUE_ON_ZERO";


/*!40101 SET @OLD_CHARACTER_SET_CLIENT=@@CHARACTER_SET_CLIENT */;
/*!40101 SET @OLD_CHARACTER_SET_RESULTS=@@CHARACTER_SET_RESULTS */;
/*!40101 SET @OLD_COLLATION_CONNECTION=@@COLLATION_CONNECTION */;
/*!40101 SET NAMES utf8 */;

--
-- Database: `db_go_11`
--

-- --------------------------------------------------------

--
-- Table structure for table `adm_sessions`
--

CREATE TABLE IF NOT EXISTS `adm_sessions` (
  `session_id` text,
  `ip_address` text,
  `user_agent` text,
  `last_activity` time DEFAULT NULL,
  `user_data` text NOT NULL
) ENGINE=MyISAM DEFAULT CHARSET=utf8;

--
-- Dumping data for table `adm_sessions`
--

INSERT INTO `adm_sessions` (`session_id`, `ip_address`, `user_agent`, `last_activity`, `user_data`) VALUES
('a2494ca97f9574e0d1e2240deeb59d9a', '127.0.0.1', 'Mozilla/5.0 (Windows NT 6.1; Win64; x64; rv:6.0a1)', '838:59:59', 'a:8:{s:6:"usr_id";s:1:"1";s:9:"usr_login";s:5:"admin";s:12:"login_number";i:0;s:8:"usr_nama";N;s:7:"ucat_id";s:1:"2";s:9:"logged_in";i:1;s:8:"dtgQuery";s:1062:"SELECT *, (jumlah * dvd_jumlah * 30000) as harga, (select\r\n sum(jumlah) \r\n from penjualan_detail as dd\r\n where dd.jual_id = penjualan_detail.jual_id\r\n ) as udata_tot_jumlah, (select\r\n sum(jumlah * dvd.dvd_jumlah * 30000) \r\n from penjualan_detail as dd\r\n inner join master_dvd as dvd on dvd.dvd_id = dd.dvd_id\r\n where dd.jual_id = penjualan_detail.jual_id\r\n ) as udata_tot_harga, `penjualan`.`session_id`, `master_dvd`.`kat_id`, `master_dvd`.`dvd_nama`, `master_kategori`.`kat_nama`, `penjualan`.`session_id`, `master_dvd`.`kat_id`, `master_dvd`.`dvd_nama`, `master_kategori`.`kat_nama`, `penjualan`.`session_id`, `master_dvd`.`kat_id`, `master_dvd`.`dvd_nama`, `master_kategori`.`kat_nama`\nFROM (`penjualan_detail`)\nINNER JOIN `penjualan` ON `penjualan`.`jual_id` = `penjualan_detail`.`jual_id` AND penjualan.jual_id = 18 AND penjualan.status in (1,2,3,5)\nINNER JOIN `master_dvd` ON `master_dvd`.`dvd_id` = `penjualan_detail`.`dvd_id`\nINNER JOIN `master_kategori` ON `master_kategori`.`kat_id` = `master_dvd`.`kat_id`\nORDER BY `master_dvd`.`dvd_nama` asc\nLIMIT 5";s:9:"dtgFields";a:3:{s:5:"field";a:3:{s:7:"tiki_id";s:7:"tiki_id";s:9:"tiki_kode";s:9:"tiki_kode";s:12:"tiki_wilayah";s:12:"tiki_wilayah";}s:5:"label";a:3:{s:7:"tiki_id";s:2:"id";s:9:"tiki_kode";s:4:"Kode";s:12:"tiki_wilayah";s:8:"Provinsi";}s:6:"params";a:3:{s:7:"tiki_id";a:3:{s:6:"search";s:5:"false";s:6:"hidden";s:4:"true";s:3:"key";s:4:"true";}s:9:"tiki_kode";a:2:{s:5:"width";i:50;s:8:"sortable";s:4:"true";}s:12:"tiki_wilayah";a:5:{s:5:"width";i:300;s:8:"editable";s:4:"true";s:8:"sortable";s:4:"true";s:8:"edittype";s:6:"''text''";s:9:"editrules";s:15:"{required:true}";}}}}'),
('10a9285f73123f29f6942f21d232ac2f', '127.0.0.1', 'Mozilla/5.0 (Windows NT 6.1; Win64; x64; rv:6.0a1)', '838:59:59', 'a:8:{s:6:"usr_id";s:1:"1";s:9:"usr_login";s:5:"admin";s:12:"login_number";i:0;s:8:"usr_nama";N;s:7:"ucat_id";s:1:"2";s:9:"logged_in";i:1;s:8:"dtgQuery";s:1452:"SELECT `pengiriman`.`kirim_id`, `pengiriman`.`kirim_tgl`, `pengiriman`.`total_biaya`, `pengiriman`.`alamat`, `pengiriman`.`no_resi`, `master_tarif`.`tarif_hrg`, `master_tarif`.`tarif_cas`, `master_tiki`.`tiki_wilayah`, `master_tiki_paket`.`paket_nama`, `penjualan`.`jual_tgl`, `penjualan`.`jual_id`, `penjualan`.`jual_trace`, `penjualan`.`jual_no`, `penjualan`.`email`, `penjualan`.`tot_jumlah`, `penjualan`.`tot_harga`, `penjualan`.`status`, `master_tarif`.`tarif_hrg`, `master_tarif`.`tarif_cas`, `master_tiki`.`tiki_wilayah`, `master_tiki_paket`.`paket_nama`, `penjualan`.`jual_tgl`, `penjualan`.`jual_id`, `penjualan`.`jual_trace`, `penjualan`.`jual_no`, `penjualan`.`email`, `penjualan`.`tot_jumlah`, `penjualan`.`tot_harga`, `penjualan`.`status`, `master_tarif`.`tarif_hrg`, `master_tarif`.`tarif_cas`, `master_tiki`.`tiki_wilayah`, `master_tiki_paket`.`paket_nama`, `penjualan`.`jual_tgl`, `penjualan`.`jual_id`, `penjualan`.`jual_trace`, `penjualan`.`jual_no`, `penjualan`.`email`, `penjualan`.`tot_jumlah`, `penjualan`.`tot_harga`, `penjualan`.`status`\nFROM (`pengiriman`)\nINNER JOIN `master_tarif` ON `master_tarif`.`tarif_id` = `pengiriman`.`tarif_id`\nINNER JOIN `master_tiki` ON `master_tiki`.`tiki_id` = `master_tarif`.`tujuan`\nINNER JOIN `master_tiki_paket` ON `master_tiki_paket`.`paket_id` = `master_tarif`.`paket_id`\nINNER JOIN `penjualan` ON `penjualan`.`jual_id` = `pengiriman`.`jual_id`\nORDER BY `penjualan`.`jual_tgl` desc\nLIMIT 10";s:9:"dtgFields";a:3:{s:5:"field";a:3:{s:7:"tiki_id";s:7:"tiki_id";s:9:"tiki_kode";s:9:"tiki_kode";s:12:"tiki_wilayah";s:12:"tiki_wilayah";}s:5:"label";a:3:{s:7:"tiki_id";s:2:"id";s:9:"tiki_kode";s:4:"Kode";s:12:"tiki_wilayah";s:8:"Provinsi";}s:6:"params";a:3:{s:7:"tiki_id";a:3:{s:6:"search";s:5:"false";s:6:"hidden";s:4:"true";s:3:"key";s:4:"true";}s:9:"tiki_kode";a:2:{s:5:"width";i:50;s:8:"sortable";s:4:"true";}s:12:"tiki_wilayah";a:5:{s:5:"width";i:300;s:8:"editable";s:4:"true";s:8:"sortable";s:4:"true";s:8:"edittype";s:6:"''text''";s:9:"editrules";s:15:"{required:true}";}}}}');

-- --------------------------------------------------------

--
-- Table structure for table `ci_sessions`
--

CREATE TABLE IF NOT EXISTS `ci_sessions` (
  `session_id` text,
  `ip_address` text,
  `user_agent` text,
  `last_activity` time DEFAULT NULL,
  `user_data` text NOT NULL
) ENGINE=MyISAM DEFAULT CHARSET=utf8;

--
-- Dumping data for table `ci_sessions`
--

INSERT INTO `ci_sessions` (`session_id`, `ip_address`, `user_agent`, `last_activity`, `user_data`) VALUES
('fb94233b630f7dc81c273941fffc6d69', '127.0.0.1', 'Mozilla/5.0 (Windows NT 6.1; rv:2.0.1) Gecko/20100', '838:59:59', 'a:2:{s:12:"beli_session";s:32:"fb94233b630f7dc81c273941fffc6d69";s:8:"dtgQuery";s:899:"\r\n				select \r\n				(bonus * 30000)as sub_bonus,\r\n				(select sum(harga) from penjualan_detail where jual_id = p.jual_id)as sub_total,\r\n				p.jual_tgl,p.jual_id,p.jual_trace,p.jual_no,p.email,p.tot_jumlah,p.tot_dvd,p.bonus,p.tot_harga,p.status,\r\n				k.kirim_id,k.alamat,k.total_biaya,k.no_resi,\r\n				t.tarif_hrg,t.tarif_cas,tk.tiki_wilayah,tkp.paket_nama,\r\n				(\r\n					select count(csc_id)\r\n					from custserv_comp\r\n					where kirim_id = k.kirim_id\r\n				)as keluhan\r\n				 \r\n				from pengiriman as k\r\n				inner join master_tarif as t on t.tarif_id = k.tarif_id\r\n				inner join master_tiki as tk on tk.tiki_id = t.tujuan\r\n				inner join master_tiki_paket as tkp on tkp.paket_id = t.paket_id\r\n				inner join penjualan as p on p.jual_id = k.jual_id and p.status != 0\r\n			Where p.email = ''a'' OR p.jual_no = ''a'' OR k.no_resi = ''a'' AND jual_no LIKE ''a%'' AND email LIKE ''a%'' ORDER BY jual_tgl desc LIMIT 0,10";}');

-- --------------------------------------------------------

--
-- Table structure for table `custserv`
--

CREATE TABLE IF NOT EXISTS `custserv` (
  `cs_id` int(11) NOT NULL AUTO_INCREMENT,
  `kirim_id` int(11) NOT NULL,
  `cs_tgl` datetime NOT NULL,
  `cs_no` varchar(20) NOT NULL,
  `cs_title` varchar(200) NOT NULL,
  `cs_status` int(11) NOT NULL DEFAULT '0',
  PRIMARY KEY (`cs_id`),
  KEY `kirim_id` (`kirim_id`)
) ENGINE=InnoDB DEFAULT CHARSET=latin1 AUTO_INCREMENT=1 ;

--
-- Dumping data for table `custserv`
--


-- --------------------------------------------------------

--
-- Table structure for table `custserv_comp`
--

CREATE TABLE IF NOT EXISTS `custserv_comp` (
  `csc_id` int(11) NOT NULL AUTO_INCREMENT,
  `csr_id` int(11) NOT NULL,
  `kirim_id` int(11) NOT NULL,
  `dvd_id` int(11) NOT NULL DEFAULT '0',
  `csc_tgl` timestamp NOT NULL DEFAULT CURRENT_TIMESTAMP,
  `csc_complain` text NOT NULL,
  `csc_lampiran` varchar(200) NOT NULL,
  `csc_status` int(11) NOT NULL,
  PRIMARY KEY (`csc_id`),
  KEY `cs_id` (`csr_id`,`dvd_id`),
  KEY `kirim_id` (`kirim_id`)
) ENGINE=InnoDB  DEFAULT CHARSET=latin1 AUTO_INCREMENT=25 ;

--
-- Dumping data for table `custserv_comp`
--

INSERT INTO `custserv_comp` (`csc_id`, `csr_id`, `kirim_id`, `dvd_id`, `csc_tgl`, `csc_complain`, `csc_lampiran`, `csc_status`) VALUES
(3, 0, 8, 0, '2011-05-11 22:12:28', 'Belum nyampai barangnya', '', 0),
(4, 0, 8, 163, '2011-05-12 00:50:51', 'Ini ga ada serial number nya, kumaha atuh kang', '', 0),
(5, 0, 8, 156, '2011-05-12 00:51:22', 'Ini juga sama ga ada serial number nya, kumaha atuh kang', '', 0),
(7, 0, 7, 44, '2011-05-12 01:15:31', 'Agh ga da yang bagus iue mah', '', 0),
(8, 0, 9, 0, '2011-05-12 11:51:00', 'Om dah transfer, kok belum bayar wae status na ???', '', 0),
(9, 0, 9, 26, '2011-05-12 12:15:28', 'Serial ga ada di dvd', '', 0),
(11, 0, 9, 0, '2011-05-13 14:53:17', 'Bro belum dateng juga', '', 0),
(23, 0, 10, 143, '2011-05-13 15:33:14', 'adADS', '6287efe799.jpg', 0),
(24, 0, 11, 145, '2011-05-17 13:20:17', 'Serial nya ngaco bro', '9785301175.jpg', 0);

-- --------------------------------------------------------

--
-- Table structure for table `custserv_res`
--

CREATE TABLE IF NOT EXISTS `custserv_res` (
  `csr_id` int(11) NOT NULL AUTO_INCREMENT,
  `csc_id` int(11) NOT NULL,
  `csr_tgl` timestamp NOT NULL DEFAULT CURRENT_TIMESTAMP,
  `csr_result` text NOT NULL,
  PRIMARY KEY (`csr_id`),
  KEY `csc_id` (`csc_id`)
) ENGINE=InnoDB  DEFAULT CHARSET=latin1 AUTO_INCREMENT=2 ;

--
-- Dumping data for table `custserv_res`
--

INSERT INTO `custserv_res` (`csr_id`, `csc_id`, `csr_tgl`, `csr_result`) VALUES
(1, 3, '2011-05-12 00:29:14', 'Ya tukar lah, besok yak');

-- --------------------------------------------------------

--
-- Table structure for table `master_dvd`
--

CREATE TABLE IF NOT EXISTS `master_dvd` (
  `dvd_id` int(11) NOT NULL AUTO_INCREMENT,
  `kat_id` int(11) NOT NULL,
  `dvd_kode` varchar(50) NOT NULL,
  `dvd_nama` varchar(50) NOT NULL,
  `dvd_review` text NOT NULL,
  `dvd_jumlah` int(11) NOT NULL,
  `dvd_release` date NOT NULL,
  `dvd_serial` text NOT NULL,
  `dvd_cheat` text NOT NULL,
  `dvd_link` text NOT NULL,
  `dvd_gambar` varchar(100) NOT NULL,
  `dvd_rating` int(11) NOT NULL DEFAULT '2',
  `keterangan` text NOT NULL,
  PRIMARY KEY (`dvd_id`),
  KEY `kat_id` (`kat_id`)
) ENGINE=MyISAM  DEFAULT CHARSET=latin1 AUTO_INCREMENT=172 ;

--
-- Dumping data for table `master_dvd`
--

INSERT INTO `master_dvd` (`dvd_id`, `kat_id`, `dvd_kode`, `dvd_nama`, `dvd_review`, `dvd_jumlah`, `dvd_release`, `dvd_serial`, `dvd_cheat`, `dvd_link`, `dvd_gambar`, `dvd_rating`, `keterangan`) VALUES
(1, 1, 'D01.001', 'THE SIMS 2 3IN1', 'Gim ini merupakan gim simulasi untuk anak diatas 15thn, dikarnakan mengandung unsur seksualitas yang menengah. Jika anda berminat, anda tinggal pesan di halaman ini. Tinggal drag ke keranjang dan pesan lagi. Untuk melihat apa saja yang telah anda pesan tinggal masuk ke halaman rincian pembelian. Di sana anda bisa menambah jumlah pemesanan atau membatalkan dvd pesanan anda. Jika sudah, anda tinggal masukan email ', 1, '2011-04-27', '', '', '', '019f057445.jpg', 10, ''),
(2, 1, 'D01.002', 'THE SIMS 2 BON VOYAGE', '', 1, '0000-00-00', '', '', '', '4f184edab8.jpg', 2, ''),
(3, 1, 'D01.003', 'THE SIMS 2 DELUXE', '', 1, '0000-00-00', '', '', '', 'ee069fd973.jpg', 2, ''),
(4, 1, 'D01.004', 'THE SIMS 2 GOLD', '', 1, '0000-00-00', '', '', '', '7954eb82d4.jpg', 2, ''),
(5, 1, 'D01.005', 'THE SIMS 2 SEASONS', '', 1, '0000-00-00', '', '', '', '7ed1dc8082.jpg', 2, ''),
(6, 1, 'D01.006', 'THE SIMS 2 TEEN STYLE STUFF', '', 1, '0000-00-00', '', '', '', 'c3ce234a2a.jpg', 2, ''),
(7, 1, 'D01.007', 'THE SIMS 3', '', 2, '0000-00-00', '', '', '', 'cd66620011.jpg', 2, ''),
(8, 1, 'D01.008', 'THE SIMS 3 AMBITIONS', '', 1, '0000-00-00', '', '', '', '389075b4f3.jpg', 2, ''),
(9, 1, 'D01.009', 'THE SIMS 3 CREATE A SIM', '', 1, '0000-00-00', '', '', '', 'b9dc900eee.jpg', 2, ''),
(10, 1, 'D01.010', 'THE SIMS 3 FAST LANE', '', 1, '0000-00-00', '', '', '', 'e2ced68605.jpg', 2, ''),
(11, 1, 'D01.011', 'THESIMS 3 HIGH-AND LOFT STUFF', '', 1, '0000-00-00', '', '', '', 'b17a41ff47.jpg', 2, ''),
(12, 1, 'D01.012', 'THE SIMS 3 LATE NIGHT', '', 2, '0000-00-00', '', '', '', '8580d5a4c3.jpg', 2, ''),
(13, 1, 'D01.013', 'THE SIMS 3 WORLD ADVENTURE', '', 1, '0000-00-00', '', '', '', '6a4e9beeaa.jpg', 2, ''),
(14, 1, 'D01.014', 'THE SIMS CASTAWAY STORIES', '', 1, '0000-00-00', '', '', '', '412263f272.jpg', 2, ''),
(15, 1, 'D01.015', 'THE SIMS MASTER COLLECTION', '', 2, '0000-00-00', '', '', '', '68b5ea6499.jpg', 2, ''),
(16, 1, 'D01.016', 'THE SIMS MEDIEVAL', '', 2, '0000-00-00', '', '', '', 'd5480c9638.jpg', 2, ''),
(17, 1, 'D01.017', '10 WHEELS OF STEEL BIG CITY RIG', '', 1, '0000-00-00', '', '', '', 'ab46ea69f6.jpg', 2, ''),
(18, 1, 'D01.018', 'CITIES XL 2011', '', 1, '0000-00-00', '', '', '', '8eac87c68a.jpg', 2, ''),
(19, 1, 'D01.019', 'SIMCITY SOCIATIES DELUXE EDITION', '', 1, '0000-00-00', '', '', '', 'e10633b2ad.jpg', 2, ''),
(20, 1, 'D01.020', 'SIMCITY SOCIETIES', '', 1, '0000-00-00', '', '', '', '7ad4e7a0ce.jpg', 2, ''),
(21, 1, 'D01.021', 'GUITAH HERO LEGENDS OF ROCK', '', 2, '0000-00-00', '', '', '', 'c17ee4d232.jpg', 2, ''),
(22, 1, 'D01.022', 'GUITAR HERO AEROSMITE', '', 1, '0000-00-00', '', '', '', '6815b19682.jpg', 2, ''),
(23, 1, 'D01.023', 'GUITAR HERO WORLD TOUR', '', 1, '0000-00-00', '', '', '', 'bd1bc6c0d8.jpg', 2, ''),
(24, 1, 'D01.024', 'RIG N'' ROLL', '', 1, '0000-00-00', '', '', '', '60b4e890c5.jpg', 2, ''),
(25, 2, 'D02.001', 'ALIEN BREED 3', '', 1, '0000-00-00', '', '', '', '6755a6aaa4.jpg', 2, ''),
(26, 2, 'D02.002', 'ALPHA PROTOKOL', '', 3, '0000-00-00', '', '', '', '18fefe0e14.jpg', 2, ''),
(27, 2, 'D02.003', 'ARMA 2 OPERATION ARROWEAD', '', 2, '0000-00-00', '', '', '', '6898423d88.jpg', 2, ''),
(28, 2, 'D02.004', 'BATTLEFIELD 2', '', 1, '0000-00-00', '', '', '', '69c63c1171.jpg', 2, ''),
(29, 2, 'D02.005', 'BATTLEFIELD BAD COMPANY 2', '', 1, '0000-00-00', '', '', '', 'b4823920e0.jpg', 2, ''),
(30, 2, 'D02.006', 'BATTLEFIELD 2142', '', 1, '0000-00-00', '', '', '', '1c977c0fa5.jpg', 2, ''),
(31, 2, 'D02.007', 'BORDERLANDS', '', 2, '0000-00-00', '', '', '', '05264b7ffb.jpg', 2, ''),
(32, 2, 'D02.008', 'BORDERLANDS NEW ROBOT REVOLUTION', '', 1, '0000-00-00', '', '', '', '2e93b0f0fe.jpg', 2, ''),
(33, 2, 'D02.009', 'BORDELANDS GENERAL KNOXX', '', 1, '0000-00-00', '', '', '', '333c6fe150.jpg', 2, ''),
(34, 2, 'D02.010', 'BORDERLANDS THE ZOMBIE ISLAND OF DR.NED', '', 1, '0000-00-00', '', '', '', '1cd5cfb137.jpg', 2, ''),
(35, 2, 'D02.011', 'CALL OF DUTY 2', '', 1, '0000-00-00', '', '', '', 'e02c15d57b.jpg', 2, ''),
(36, 2, 'D02.012', 'CALL OF DUTY BALCK OPS', '', 2, '0000-00-00', '', '', '', 'f75cd58b88.jpg', 2, ''),
(37, 2, 'D02.013', 'CALL OF DUTY MODERN WARVARE', '', 2, '0000-00-00', '', '', '', 'd842d2c96d.jpg', 2, ''),
(38, 2, 'D02.014', 'CALL OF DUTY MODERN WARFARE 2', '', 3, '0000-00-00', '', '', '', '5be7ec7eaf.jpg', 2, ''),
(39, 2, 'D02.015', 'CALL OF DUTY WORLD AT WAR', '', 2, '0000-00-00', '', '', '', 'e0ace3f280.jpg', 2, ''),
(40, 2, 'D02.016', 'COUNTER STRIKE SOURCE 2010', '', 1, '0000-00-00', '', '', '', 'd76420be40.jpg', 2, ''),
(41, 2, 'D02.017', 'COUNTER STRIKE SOURCE UPDATE 18.3', '', 1, '0000-00-00', '', '', '', '67d977436d.jpg', 2, ''),
(42, 2, 'D02.018', 'CRYOSTASIS', '', 1, '0000-00-00', '', '', '', '5622495526.jpg', 2, ''),
(43, 2, 'D02.019', 'CRYSIS', '', 2, '0000-00-00', '', '', '', '84297451da.jpg', 2, ''),
(44, 2, 'D02.020', 'CRYSIS 2', '', 2, '0000-00-00', '', '', '', 'e40c3aaa36.jpg', 2, ''),
(45, 2, 'D02.021', 'CRYSIS WARHEAD', '', 2, '0000-00-00', '', '', '', 'd84f7aedd7.jpg', 2, ''),
(46, 2, 'D02.022', 'DARKVOIO', '', 2, '0000-00-00', '', '', '', '47ce8ee95b.jpg', 2, ''),
(47, 2, 'D02.023', 'DEAD SPACE 2', '', 3, '0000-00-00', '', '', '', '3238a981b5.jpg', 2, ''),
(48, 2, 'D02.024', 'DEAD SPACE', '', 2, '0000-00-00', '', '', '', '183449c966.jpg', 2, ''),
(49, 2, 'D02.025', 'DELTA FORCE XTREME 2', '', 1, '0000-00-00', '', '', '', '07232bc191.jpg', 2, ''),
(50, 2, 'D02.026', 'FALLOUT 3', '', 2, '0000-00-00', '', '', '', '317cfcf33b.jpg', 2, ''),
(51, 2, 'D02.027', 'FALLOUT 3 BROKEN STEEL', '', 1, '0000-00-00', '', '', '', '8ff9054f5b.jpg', 2, ''),
(52, 2, 'D02.028', 'FALLOUT 3 THE PITT', '', 1, '0000-00-00', '', '', '', '28e64f17ab.jpg', 2, ''),
(53, 2, 'D02.029', 'FALLOUT NEW VEGAS', '', 2, '0000-00-00', '', '', '', '7c4a35c1ed.jpg', 2, ''),
(54, 2, 'D02.030', 'FARCRY 2', '', 1, '0000-00-00', '', '', '', 'fc1d175c26.jpg', 2, ''),
(55, 2, 'D02.031', 'FEAR', '', 1, '0000-00-00', '', '', '', '271a492c9d.jpg', 2, ''),
(56, 2, 'D02.032', 'FEAR 2 PROJECT ORIGIN', '', 3, '0000-00-00', '', '', '', 'bd284e2c5d.jpg', 2, ''),
(57, 2, 'D02.033', 'FEAR PERSEUS MANDATE', '', 1, '0000-00-00', '', '', '', 'b4b2bffaaa.jpg', 2, ''),
(58, 2, 'D02.034', 'GHOST RECON', '', 1, '0000-00-00', '', '', '', '262bb90e1b.jpg', 2, ''),
(59, 2, 'D02.035', 'GHOST RECON 2', '', 1, '0000-00-00', '', '', '', '00cbde2717.jpg', 2, ''),
(60, 2, 'D02.036', 'HOME FRONT', '', 1, '0000-00-00', '', '', '', 'b545e18c93.jpg', 2, ''),
(61, 2, 'D02.037', 'LEFT 4 DEAD', '', 1, '0000-00-00', '', '', '', 'fef48ec7fb.jpg', 2, ''),
(62, 2, 'D02.038', 'LEFT 4 DEAD 2', '', 1, '0000-00-00', '', '', '', 'f1f82c3134.jpg', 2, ''),
(63, 2, 'D02.039', 'OPERATION FLASH POINT', '', 1, '0000-00-00', '', '', '', 'd89eb4d372.jpg', 2, ''),
(64, 2, 'D02.040', 'MASS EFFECT', '', 2, '0000-00-00', '', '', '', 'f6638e4f21.jpg', 2, ''),
(65, 2, 'D02.041', 'MASS EFFECT 2 LAIR OF THE SHADOW BROKEN', '', 1, '0000-00-00', '', '', '', 'eaba6f3230.jpg', 2, ''),
(66, 2, 'D02.042', 'MASS EFFECT 2', '', 3, '0000-00-00', '', '', '', '5a45239592.jpg', 2, ''),
(67, 2, 'D02.043', 'MEDAL OF HONOR', '', 2, '0000-00-00', '', '', '', '99542ccedd.jpg', 2, ''),
(68, 2, 'D02.044', 'MEDAL OF HONOR AIRBORNE', '', 2, '0000-00-00', '', '', '', 'db657bd3e4.jpg', 2, ''),
(69, 2, 'D02.045', 'MEDAL OF HONOR PACIFIC ASSAULT', '', 1, '0000-00-00', '', '', '', 'a68c849a4d.jpg', 2, ''),
(70, 2, 'D02.046', 'RESIDENT EVIL 5', '', 2, '0000-00-00', '', '', '', '01c960f5c2.jpg', 2, ''),
(71, 2, 'D02.047', 'RESIDENT EVIL 4', '', 1, '0000-00-00', '', '', '', '0d8a8b0063.jpg', 2, ''),
(72, 2, 'D02.048', 'SCARFACE', '', 1, '0000-00-00', '', '', '', '588f7cf78a.jpg', 2, ''),
(73, 2, 'D02.049', 'SINGULARITY', '', 2, '0000-00-00', '', '', '', 'eda4c434d6.jpg', 2, ''),
(74, 2, 'D02.050', 'SNIPER ELITE', '', 1, '0000-00-00', '', '', '', '2154a60ce6.jpg', 2, ''),
(75, 2, 'D02.051', 'SNIPER GHOST WARRIOR', '', 1, '0000-00-00', '', '', '', '8d93dff2e5.jpg', 2, ''),
(76, 2, 'D02.052', 'SOLDIER OF FORTUNE PAYBACK', '', 1, '0000-00-00', '', '', '', 'a9dbdabb76.jpg', 2, ''),
(77, 2, 'D02.053', 'SPLINTER CELL CHAOS THEORY', '', 1, '0000-00-00', '', '', '', 'd5b8fc281d.jpg', 2, ''),
(78, 2, 'D02.054', 'SPLINTER CELL CONVICTION', '', 2, '0000-00-00', '', '', '', '0ce9c809a0.jpg', 2, ''),
(79, 2, 'D02.055', 'STALKER', '', 1, '0000-00-00', '', '', '', 'c904bf94d8.jpg', 2, ''),
(80, 2, 'D02.056', 'BATTLE FOT THE PASIFIC', '', 1, '0000-00-00', '', '', '', '235d39fe79.jpg', 2, ''),
(81, 2, 'D02.057', 'BULLET STRORM', '', 2, '0000-00-00', '', '', '', 'e16416bc26.jpg', 2, ''),
(82, 2, 'D02.058', 'LOST PLANET 2', '', 3, '0000-00-00', '', '', '', '72748e8a5a.jpg', 2, ''),
(83, 2, 'D02.059', 'PAINKILLER REDAMTION', '', 1, '0000-00-00', '', '', '', '6047f27df9.jpg', 2, ''),
(84, 2, 'D02.060', 'RAINBOW SIX VEGAS 2', '', 2, '0000-00-00', '', '', '', '0d2851b853.jpg', 2, ''),
(85, 2, 'D02.061', 'SHADOW HARVEST PHANTOM OPS', '', 1, '0000-00-00', '', '', '', '0649d53958.jpg', 2, ''),
(86, 2, 'D02.062', 'SPLINTER CELL DOUBLE AGENT', '', 2, '0000-00-00', '', '', '', 'a713cc915f.jpg', 2, ''),
(87, 2, 'D02.063', 'TERMINATOR SALVATION', '', 2, '0000-00-00', '', '', '', '7a87cc8568.jpg', 2, ''),
(88, 2, 'D02.064', 'TERRORIST TAKEDOWN 3', '', 1, '0000-00-00', '', '', '', '3ee8076bdf.jpg', 2, ''),
(89, 2, 'D02.065', 'VIETCONG 2', '', 1, '0000-00-00', '', '', '', 'f38e98c6a0.jpg', 2, ''),
(90, 2, 'D02.066', 'WOLF ENSTEIN', '', 2, '0000-00-00', '', '', '', '335eaecdcd.jpg', 2, ''),
(91, 2, 'D02.067', 'XENUS II', '', 1, '0000-00-00', '', '', '', '0401db8721.jpg', 2, ''),
(92, 2, 'D02.068', 'XENUS II WHITE GOLD', '', 1, '0000-00-00', '', '', '', '057dd4d684.jpg', 2, ''),
(93, 3, 'D03.001', 'ARCANIA GHOTIC 4', '', 2, '0000-00-00', '', '', '', 'e41fd0150b.jpg', 2, ''),
(94, 3, 'D03.002', 'BLADES', '', 1, '0000-00-00', '', '', '', '90127d28fa.jpg', 2, ''),
(95, 3, 'D03.003', 'BLOOD BOWL', '', 1, '0000-00-00', '', '', '', '4102bdc45a.jpg', 2, ''),
(96, 3, 'D03.004', 'DARK SIDERS', '', 3, '0000-00-00', '', '', '', '51ca52bbfe.jpg', 2, ''),
(97, 3, 'D03.005', 'DARKNESS WITHIN 2', '', 1, '0000-00-00', '', '', '', '37d236dd3d.jpg', 2, ''),
(98, 3, 'D03.006', 'DEATHSPANK', '', 1, '0000-00-00', '', '', '', '957de3eb69.jpg', 2, ''),
(99, 3, 'D03.007', 'DISCIPLES 3', '', 2, '0000-00-00', '', '', '', '6f397bdb98.jpg', 2, ''),
(100, 3, 'D03.008', 'DIVINITY II', '', 2, '0000-00-00', '', '', '', 'a25ec35958.jpg', 2, ''),
(101, 3, 'D03.009', 'DEVIL MAYCRY', '', 1, '0000-00-00', '', '', '', 'e0d3d98604.jpg', 2, ''),
(102, 3, 'D03.010', 'DEVIL MAYCRY 4', '', 2, '0000-00-00', '', '', '', '9ba31067a9.jpg', 2, ''),
(103, 3, 'D03.011', 'DAWN OF MAGIC 2', '', 1, '0000-00-00', '', '', '', '04a154c494.jpg', 2, ''),
(104, 3, 'D03.012', 'DOWN OF WAR CHAOS RISING', '', 1, '0000-00-00', '', '', '', '0e3517e151.jpg', 2, ''),
(105, 3, 'D03.013', 'DRAGON AGE 2', '', 2, '0000-00-00', '', '', '', '23a26d4406.jpg', 2, ''),
(106, 3, 'D03.014', 'DRAGON AGE AWAKENING', '', 1, '0000-00-00', '', '', '', 'd0ecb8459a.jpg', 2, ''),
(107, 3, 'D03.015', 'DRAGON AGE WITCH HUNT', '', 1, '0000-00-00', '', '', '', '3391ecefbb.jpg', 2, ''),
(108, 3, 'D03.016', 'DRAGON AGE THE GOLMS OF AMGARRAK', '', 1, '0000-00-00', '', '', '', 'af3ff36b2f.jpg', 2, ''),
(109, 3, 'D03.017', 'DRAGON AGE ORIGINS', '', 2, '0000-00-00', '', '', '', '1112eac5cd.jpg', 2, ''),
(110, 3, 'D03.018', 'DYNASTY WARRIOR 6', '', 1, '0000-00-00', '', '', '', '5700cb8374.jpg', 2, ''),
(111, 3, 'D03.019', 'DYNASTY WARRIOR 4', '', 1, '0000-00-00', '', '', '', '7ba3ae1866.jpg', 2, ''),
(112, 3, 'D03.020', 'ELEMENTAL WAR OF MAGIC', '', 1, '0000-00-00', '', '', '', 'ae80c69f6a.jpg', 2, ''),
(113, 3, 'D03.021', 'FINAL FANTASY XII', '', 1, '0000-00-00', '', '', '', 'ba8402987f.jpg', 2, ''),
(114, 3, 'D03.022', 'G-FORCE', '', 1, '0000-00-00', '', '', '', '52d2a1d978.jpg', 2, ''),
(115, 3, 'D03.023', 'GHOTIC 3', '', 1, '0000-00-00', '', '', '', '54bbd739f9.jpg', 2, ''),
(116, 3, 'D03.024', 'GRAND THEFT AUTO 4', '', 3, '0000-00-00', '', '', '', 'd87f44192f.jpg', 2, ''),
(117, 3, 'D03.025', 'GRAND THEFT AUTO EPISODES FROM LIBERTY CITY', '', 2, '0000-00-00', '', '', '', '05a4357ff8.jpg', 2, ''),
(118, 3, 'D03.026', 'GRAND THEFT AUTO SAN ANDREAS', '', 1, '0000-00-00', '', '', '', 'fd938f0e9c.jpg', 2, ''),
(119, 3, 'D03.027', 'WORLD OF WARCRAFT BURNING CRUSIDE', '', 1, '0000-00-00', '', '', '', '1042623ef0.jpg', 2, ''),
(120, 3, 'D03.028', 'KUNGFU PANDA', '', 1, '0000-00-00', '', '', '', '5fde665a35.jpg', 2, ''),
(121, 3, 'D03.029', 'MAJESTY 2', '', 1, '0000-00-00', '', '', '', '6f071e57da.jpg', 2, ''),
(122, 3, 'D03.030', 'MAJESTY 2 BATTLES OF ARDANIA', '', 1, '0000-00-00', '', '', '', '8c6e0a4872.jpg', 2, ''),
(123, 3, 'D03.031', 'MINI NINJAS', '', 2, '0000-00-00', '', '', '', '801337e9b9.jpg', 2, ''),
(124, 3, 'D03.032', 'MIRRORS EDGE', '', 2, '0000-00-00', '', '', '', '0c28fe489d.jpg', 2, ''),
(125, 4, 'D04.001', 'NINJA BLADE', '', 1, '0000-00-00', '', '', '', '5296d25ee8.jpg', 2, ''),
(126, 3, 'D03.033', 'PRINCE OF PERSIA', '', 2, '0000-00-00', '', '', '', '014a1a9e05.jpg', 2, ''),
(127, 3, 'D03.034', 'PRINCE OF PERSIA THE TWO THRONES', '', 1, '0000-00-00', '', '', '', '3323119162.jpg', 2, ''),
(128, 3, 'D03.035', 'PRINCE OF PERSIA FORGOTTEN SANDS', '', 2, '0000-00-00', '', '', '', '84e58264f7.jpg', 2, ''),
(129, 3, 'D03.036', 'RISEN', '', 2, '0000-00-00', '', '', '', '60fb884186.jpg', 2, ''),
(130, 4, 'D04.002', 'SAINT ROW 2', '', 2, '0000-00-00', '', '', '', '80b7a0e1c2.jpg', 2, ''),
(131, 3, 'D03.037', 'SAMURAY WARRIOR', '', 1, '0000-00-00', '', '', '', '38f034c954.jpg', 2, ''),
(132, 3, 'D03.038', 'SHANK', '', 1, '0000-00-00', '', '', '', '3a2010976d.jpg', 2, ''),
(133, 3, 'D03.039', 'SHREK', '', 1, '0000-00-00', '', '', '', 'b70eb8143a.jpg', 2, ''),
(134, 3, 'D03.040', 'SHERLOCK HOLMS THE JACK VS RIPPER', '', 1, '0000-00-00', '', '', '', '331b88f53b.jpg', 2, ''),
(135, 3, 'D03.041', 'SILENT HILL 4 THE ROOM', '', 1, '0000-00-00', '', '', '', '00068d50f5.jpg', 2, ''),
(136, 4, 'D04.003', 'SPIDER-MAN SHATTERED DIMENSIONS', '', 2, '0000-00-00', '', '', '', '56ae7e838e.jpg', 2, ''),
(137, 3, 'D03.042', 'THE ELDER SCROLLS IV KNIGHTS OF THE NINE', '', 1, '0000-00-00', '', '', '', 'cd5587d80e.jpg', 2, ''),
(138, 3, 'D03.043', 'THE ELDER SCROLLS SHIVERING ISLES', '', 1, '0000-00-00', '', '', '', '45fc82eabe.jpg', 2, ''),
(139, 3, 'D03.044', 'THE ELDER SCROLL IV OBLIVION', '', 1, '0000-00-00', '', '', '', '524e6e17dd.jpg', 2, ''),
(140, 3, 'D03.045', 'THE LORD OF THE RING CONQUEST', '', 2, '0000-00-00', '', '', '', 'c38e9da5cc.jpg', 2, ''),
(141, 4, 'D04.004', 'AVATAR THE GAME', '', 1, '0000-00-00', '', '', '', '1dd1a3cb14.jpg', 2, ''),
(142, 4, 'D04.005', 'AMNESIA THE DARK DESCENT', '', 1, '0000-00-00', '', '', '', 'cbf0925e9c.jpg', 2, ''),
(143, 4, 'D04.006', 'ASSASSINS CREED', '', 2, '0000-00-00', '', '', '', '335daf2283.jpg', 2, ''),
(144, 4, 'D04.007', 'ASSASSIN CREED BROTERHOOD', '', 2, '0000-00-00', '', '', '', '52b2019b26.jpg', 2, ''),
(145, 4, 'D04.008', 'ASSASSIN CREED 2', '', 2, '0000-00-00', '', '', '', '7eda2215e6.jpg', 2, ''),
(146, 4, 'D04.009', 'BATMAN ARKHAM ASYLUM', '', 2, '0000-00-00', '', '', '', 'da9c0726d2.jpg', 2, ''),
(147, 4, 'D04.010', 'BIONIC', '', 2, '0000-00-00', '', '', '', '429c2725b4.jpg', 2, ''),
(148, 3, 'D03.046', 'BLACK MIRROR II', '', 1, '0000-00-00', '', '', '', '1bb969c7e8.jpg', 2, ''),
(149, 4, 'D04.011', 'BLOOD STOONE 007', '', 2, '0000-00-00', '', '', '', '8c2146779d.jpg', 2, ''),
(150, 3, 'D03.047', 'BULLY', '', 1, '0000-00-00', '', '', '', '8d6951bf22.jpg', 2, ''),
(151, 3, 'D03.048', 'DEAD RISING', '', 2, '0000-00-00', '', '', '', 'e94d145a8f.jpg', 2, ''),
(152, 5, 'D05.001', 'NEED FOR SPEED CARBON', '', 1, '0000-00-00', '', '', '', '0f3c65fbda.jpg', 2, ''),
(153, 5, 'D05.002', 'NEED FOR SPEED HOT PURSUIT', '', 2, '0000-00-00', '', '', '', 'e20cdaaa42.jpg', 2, ''),
(154, 5, 'D05.003', 'NEED FOR SPEED MOSTWANTED', '', 1, '0000-00-00', '', '', '', 'edeab074c5.jpg', 2, ''),
(155, 5, 'D05.004', 'NEED FOR SPEED PROSTREET', '', 2, '0000-00-00', '', '', '', '1bdc641a04.jpg', 2, ''),
(156, 5, 'D05.005', 'NEED FOR SPEED SHIFT', '', 2, '0000-00-00', '', '', '', '6ed7ba76e4.jpg', 2, ''),
(157, 5, 'D05.006', 'NEED FOR SPEED SHIFT 2 UNLEASHED', '', 2, '0000-00-00', '', '', '', '3cde6640bb.jpg', 2, ''),
(158, 5, 'D05.007', 'NEED FOR SPEED UNDER COVER', '', 1, '0000-00-00', '', '', '', '342f3399fd.jpg', 2, ''),
(159, 5, 'D05.008', 'BLUR', '', 2, '0000-00-00', '', '', '', '45786580cd.jpg', 2, ''),
(160, 5, 'D05.009', 'BURNOUT PARADISE THE ULTIMATE', '', 1, '0000-00-00', '', '', '', '9ec82ab58b.jpg', 2, ''),
(161, 5, 'D05.010', 'SPLIT/SECOND', '', 2, '0000-00-00', '', '', '', 'a30efe2522.jpg', 2, ''),
(162, 5, 'D05.011', 'TEST DRIVE UNLIMITED', '', 2, '0000-00-00', '', '', '', '165a5922ea.jpg', 2, ''),
(163, 6, 'D06.001', 'PRO EVOLUTION SOCCER 2011', '', 2, '0000-00-00', '', '', '', '1693051739.jpg', 2, ''),
(164, 6, 'D06.002', 'PRO EVOLUTION SOCCER 2010', '', 2, '0000-00-00', '', '', '', 'f25e89c69a.jpg', 2, ''),
(165, 6, 'D06.003', 'PRO EVOLUTION SOCCER 2009', '', 2, '0000-00-00', '', '', '', 'd42fd7e84e.jpg', 2, ''),
(166, 6, 'D06.004', 'PRO EVOLUTION SOCCER 2008', '', 1, '0000-00-00', '', '', '', '7319486b04.jpg', 2, ''),
(167, 6, 'D06.005', 'PRO EVOLUTION SOCCER 6', '', 1, '0000-00-00', '', '', '', '219097d178.jpg', 2, ''),
(168, 6, 'D06.006', 'FOOTBALL MANAGER 2011', '', 1, '0000-00-00', '', '', '', 'd995e295aa.jpg', 2, ''),
(169, 6, 'D06.007', 'FOOTBALL MANAGER 2010', '', 1, '0000-00-00', '', '', '', '81c85d3234.jpg', 2, ''),
(170, 6, 'D06.008', 'FIFA MANAGER 2011', '', 1, '0000-00-00', '', '', '', '4ce1cf4833.jpg', 2, ''),
(171, 6, 'D06.009', 'FIFA 2011', '', 2, '0000-00-00', '', '', '', 'c7813343ec.jpg', 2, '');

-- --------------------------------------------------------

--
-- Table structure for table `master_kategori`
--

CREATE TABLE IF NOT EXISTS `master_kategori` (
  `kat_id` int(11) NOT NULL AUTO_INCREMENT,
  `kat_nama` varchar(50) NOT NULL,
  `kat_gambar` varchar(100) NOT NULL,
  PRIMARY KEY (`kat_id`)
) ENGINE=MyISAM  DEFAULT CHARSET=latin1 AUTO_INCREMENT=7 ;

--
-- Dumping data for table `master_kategori`
--

INSERT INTO `master_kategori` (`kat_id`, `kat_nama`, `kat_gambar`) VALUES
(1, 'SIMULASI', ''),
(2, 'SHOOTER', ''),
(3, 'ADVENTURE', ''),
(4, 'ACTION', ''),
(5, 'RACING', ''),
(6, 'SPORT', '');

-- --------------------------------------------------------

--
-- Table structure for table `master_listcd`
--

CREATE TABLE IF NOT EXISTS `master_listcd` (
  `lcd_id` int(11) NOT NULL AUTO_INCREMENT,
  `lkat_id` int(11) NOT NULL,
  `lcd_nama` varchar(255) NOT NULL,
  `lcd_jumlah` int(11) NOT NULL,
  `lcd_status` int(11) NOT NULL DEFAULT '1',
  PRIMARY KEY (`lcd_id`)
) ENGINE=InnoDB  DEFAULT CHARSET=latin1 AUTO_INCREMENT=340 ;

--
-- Dumping data for table `master_listcd`
--

INSERT INTO `master_listcd` (`lcd_id`, `lkat_id`, `lcd_nama`, `lcd_jumlah`, `lcd_status`) VALUES
(1, 5, 'Battle Realms: Winter Of The Wolf (expansion)', 1, 1),
(2, 21, 'Cities In Motion', 1, 1),
(3, 4, 'Back To The Future: The Game - Episode Ii: Get Tannen!', 1, 1),
(4, 6, 'Guardians Of Graxia', 1, 1),
(5, 6, 'Backyard Sports: Sandlot Sluggers', 1, 1),
(6, 15, 'Reel Deal Slot Quest Vampire Lord', 1, 1),
(7, 15, 'Angry Birds', 1, 1),
(8, 6, 'Commander Conquest The Americas Update 3', 1, 1),
(9, 8, 'Garage Inc', 1, 1),
(10, 4, 'James Bond 007: Nightfire', 1, 1),
(11, 4, 'Jet Storm: Modern Dogfights', 1, 1),
(12, 4, 'Manhunt', 1, 1),
(13, 1, 'Mercedes Super World Racing', 2, 1),
(14, 1, 'Muscle Dream', 2, 1),
(15, 7, 'Perfect Ace 2', 1, 1),
(16, 6, 'Pharaoh', 1, 1),
(17, 6, 'Railroad Lines', 1, 1),
(18, 3, 'Shark Tale', 2, 1),
(19, 6, 'Virtual Villagers 5: New Believer', 1, 1),
(20, 36, 'Yugi-oh Power Of Chaos Game Collection', 3, 1),
(21, 3, 'Real Deal Slots', 1, 1),
(22, 3, 'Guardian Of Gaia', 1, 1),
(23, 3, 'Rush', 1, 1),
(24, 4, 'Super Meat Boy', 1, 1),
(25, 6, 'Greed Corp', 1, 1),
(26, 9, 'Harvest Moon Indonesia Version (psx Emu)', 1, 1),
(27, 9, '18 Wheels Of Steel : Haulin', 1, 1),
(28, 9, '18 Wos : American Long Haul', 1, 1),
(29, 9, '18wheels Of Steel - Across America', 1, 1),
(30, 9, '18wheels Of Steel - Convoy', 1, 1),
(31, 9, '18wheels Of Steel - Pedal To Metal', 1, 1),
(32, 7, '3d Hunting', 1, 1),
(33, 20, '3days', 1, 1),
(34, 15, '7 Wonders', 1, 1),
(35, 5, 'Age Of Empire 2 - The Age Of King', 1, 1),
(36, 5, 'Age Of Empire 2 The Conquerors Expansion', 1, 1),
(37, 5, 'Age Of Empire 3', 3, 1),
(38, 5, 'Age Of Empire 3 : Asian Dynasty Expansion', 1, 1),
(39, 5, 'Age Of Empire 3 : Warchief Expansion', 1, 1),
(40, 5, 'Age Of Mithology', 2, 1),
(41, 15, 'Agon: From Lapland', 1, 1),
(42, 15, 'Air Aces: Pacific', 2, 1),
(43, 10, 'Airborne Troops', 1, 1),
(44, 8, 'Airport Tycoon 3', 1, 1),
(45, 4, 'Alien Shooter 2 Conscription Rip', 2, 1),
(46, 6, 'American Civil War - Gettysburg', 1, 1),
(47, 5, 'American Conquest', 1, 1),
(48, 4, 'American Mcgee''s Alice', 2, 1),
(49, 20, 'Amorous Professor Cherry', 1, 1),
(50, 20, 'Animamundi : Dark Alchemist', 1, 1),
(51, 5, 'Anno 1503 Ad', 2, 1),
(52, 8, 'Anno 1602ad', 1, 1),
(53, 5, 'Armymen Rts', 1, 1),
(54, 5, 'Arsenal Of Democracy', 1, 1),
(55, 3, 'Asterix At The Olympic Games-rip Version', 1, 1),
(56, 15, 'Atomic Betty: Intergalactic Conspiracy', 1, 1),
(57, 15, 'Auto Cross Racing', 1, 1),
(58, 3, 'Avatar: The Last Airbender', 1, 1),
(59, 3, 'Bandjam', 1, 1),
(60, 3, 'Barbie Mermaid', 1, 1),
(61, 3, 'Baseball Mogul 2009', 1, 1),
(62, 7, 'Baseball Mogul 2010', 1, 1),
(63, 7, 'Bass Pro Shops: Trophy Bass 2007', 1, 1),
(64, 4, 'Battle Moon Wars 4', 1, 1),
(65, 20, 'Battle Of Youtrass', 1, 1),
(66, 5, 'Battle Realm', 1, 1),
(67, 5, 'Battlefield 1942', 2, 1),
(68, 4, 'Battlestrike Force Of Resistance', 1, 1),
(69, 20, 'Bazooka Caf?', 1, 1),
(70, 7, 'Beach Volley', 1, 1),
(71, 8, 'Beauty Factor', 1, 1),
(72, 28, 'Best Tycoon', 1, 1),
(73, 20, 'Bible Back', 1, 1),
(74, 20, 'Bible Black', 1, 1),
(75, 4, 'Billy Blade', 1, 1),
(76, 9, 'Blow Out', 1, 1),
(77, 9, 'Boothfighter', 1, 1),
(78, 34, 'Braid', 1, 1),
(79, 35, 'Brave Soul', 1, 1),
(80, 3, 'Brico Party', 1, 1),
(81, 3, 'Brunhilda And The Dark Crystal (2010)', 1, 1),
(82, 10, 'Burn Zombie Burn', 1, 1),
(83, 8, 'Bus Driver', 1, 1),
(84, 39, 'Cabela''s Offroad Adventure 3', 2, 1),
(85, 7, 'Cabela''s Trophy Bucks', 1, 1),
(86, 21, 'Caesar 3', 1, 1),
(87, 21, 'Caesar Iv', 2, 1),
(88, 4, 'Capoeiria', 1, 1),
(89, 5, 'Celtic Kings - Rage Of War', 1, 1),
(90, 3, 'Chaos Legion', 2, 1),
(91, 46, 'Chess 3d', 1, 1),
(92, 46, 'Chris Sawyer''s Locomotion', 1, 1),
(93, 8, 'Civilisation: Colonies', 1, 1),
(94, 8, 'Clutch', 1, 1),
(95, 8, 'Comanche 4', 1, 1),
(96, 5, 'Command And Conquer : Generals', 2, 1),
(97, 5, 'Command And Conquer : Red Alert 2', 2, 1),
(98, 5, 'Commandos 2 : Men Of Courage', 3, 1),
(99, 4, 'Conflict - Desert Storm', 1, 1),
(100, 2, 'Counter Strike 1.6 Full', 1, 1),
(101, 2, 'Crash Team Racing', 1, 1),
(102, 15, 'Crayon Physics', 1, 1),
(103, 15, 'Crazy Machines', 1, 1),
(104, 20, 'Custom Sisters', 1, 1),
(105, 3, 'Dark Fall 2: Lights Out', 2, 1),
(106, 7, 'David Douilett Judo', 1, 1),
(107, 4, 'Day Of Defeat', 1, 1),
(108, 34, 'De Blob', 1, 1),
(109, 15, 'Deadtime  Stories Game', 1, 1),
(110, 40, 'Defense Grid - The Awakening', 1, 1),
(111, 2, 'Delta Force - Black Hawk Down', 1, 1),
(112, 3, 'Divi-dead', 1, 1),
(113, 10, 'Dmz North Korea', 1, 1),
(114, 20, 'Do You Like H*rn* Bunnies', 1, 1),
(115, 20, 'Do You Like H*rn* Bunnies 2', 1, 1),
(116, 8, 'Dogfighter', 1, 1),
(117, 20, 'Doushin Same Heart', 1, 1),
(118, 17, 'Dragon Ball Battle 2007', 1, 1),
(119, 27, 'Driver', 1, 1),
(120, 9, 'Dungeon Siege Ii: Broken World (exp)', 1, 1),
(121, 3, 'Duoprincess', 1, 1),
(122, 10, 'Dyno Crysis', 1, 1),
(123, 10, 'Dyno Crysis 2', 1, 1),
(124, 4, 'Elite Force 2', 2, 1),
(125, 5, 'Empire Rise Of The Middle Kingdom', 1, 1),
(126, 6, 'Empires Of Steel', 1, 1),
(127, 9, 'Eschalon Book 1', 1, 1),
(128, 8, 'Euro Truck Simulator', 1, 1),
(129, 5, 'Europa Universalis Iii', 1, 1),
(130, 6, 'Evangelion', 1, 1),
(131, 6, 'Ever 17 Out Of Infinity (pc Game English)', 4, 1),
(132, 9, 'Fallout 3 Expansion - Mother Zeta', 1, 1),
(133, 9, 'Fastlane Carnage', 1, 1),
(134, 9, 'Fate The Traitor', 1, 1),
(135, 9, 'Fate Undiscovered Realm', 1, 1),
(136, 9, 'Ferrari Virtual Academy 2010', 1, 1),
(137, 9, 'Ferrarivirtualrace', 1, 1),
(138, 9, 'Fishing Simulator For Relax', 1, 1),
(139, 20, 'Fochun Samonazu: Aruche No Seirei Ishi', 1, 1),
(140, 6, 'Football Manager 2008', 1, 1),
(141, 6, 'Ford Racing Off Road', 1, 1),
(142, 6, 'Freedom Fighter', 1, 1),
(143, 6, 'Freespace 2', 3, 1),
(144, 6, 'Fury 3', 1, 1),
(145, 6, 'Fuso - Truck Empire', 1, 1),
(146, 28, 'Game Tycoon + Bonus', 1, 1),
(147, 3, 'Gangland', 1, 1),
(148, 8, 'German Truck Simulator', 1, 1),
(149, 8, 'German Truck Simulator', 1, 1),
(150, 4, 'Ghajini', 1, 1),
(151, 6, 'Golem Crusades', 1, 1),
(152, 6, 'Grim Fandango', 2, 1),
(153, 27, 'Gta San Andreas Rip Version', 1, 1),
(154, 2, 'Halo: Combat Evolved', 1, 1),
(155, 3, 'Happy Tree Friends - False Alarm', 1, 1),
(156, 3, 'Haruran2', 1, 1),
(157, 20, 'Heart Work', 1, 1),
(158, 5, 'Hearts Of Iron 2: Doomday Armageddon', 1, 1),
(159, 20, 'Hinatta Bokko', 1, 1),
(160, 10, 'Hitman: Codename 47', 1, 1),
(161, 20, 'Hitomi My Step Sister', 2, 1),
(162, 20, 'Hitozuma Hime Club - Secret Wives Club', 1, 1),
(163, 20, 'Hoi3: Semper Fi!', 1, 1),
(164, 34, 'Hollywood Pets Pup Idol', 1, 1),
(165, 34, 'Horse Racing Manager 2', 1, 1),
(166, 4, 'House M.d', 1, 1),
(167, 2, 'House Of The Dead 3', 1, 1),
(168, 15, 'Hoyle Slots 2011', 1, 1),
(169, 7, 'Hunting Unli 2010', 1, 1),
(170, 7, 'Hunting Unlimited 2009', 1, 1),
(171, 15, 'I-fluid', 1, 1),
(172, 8, 'Industry Giant 2', 1, 1),
(173, 5, 'Jagged Alliance 2 Wildfire', 1, 1),
(174, 10, 'Jurasic Park Operation Genesis', 1, 1),
(175, 4, 'Just Cause Rip Version', 1, 1),
(176, 20, 'Kango', 2, 1),
(177, 38, 'King Of Game 96', 1, 1),
(178, 38, 'King Racing 2002', 1, 1),
(179, 5, 'Kohan Ii - Kings Of War', 1, 1),
(180, 34, 'Larry Colector Edition', 1, 1),
(181, 9, 'Lightning Warrior Raidy 2', 1, 1),
(182, 9, 'Line Rider 2: Unbound', 1, 1),
(183, 20, 'Litle My Maid', 1, 1),
(184, 20, 'Live For Speed 2 Alpha', 1, 1),
(185, 20, 'Living World Racing', 1, 1),
(186, 20, 'Lock On: Modern Air Combat', 1, 1),
(187, 20, 'London Racer : Destruction Of Madness', 1, 1),
(188, 5, 'Lost Empire Immortals', 1, 1),
(189, 6, 'M.u.d. Tv', 2, 1),
(190, 6, 'Macros Voxp', 1, 1),
(191, 3, 'Mafia', 3, 1),
(192, 3, 'Magic Battle Arena', 1, 1),
(193, 36, 'Magic The Gathering Duels Of The Planeswalkers (2010)', 1, 1),
(194, 5, 'Magic: The Gathering', 1, 1),
(195, 6, 'Making History Ii: The War Of The World', 2, 1),
(196, 26, 'Mame Emulator + Rom', 1, 1),
(197, 10, 'Marine Sharp Shooter 4', 1, 1),
(198, 3, 'Max & The Magic Marker', 1, 1),
(199, 4, 'Max Payne', 1, 1),
(200, 15, 'Midnight Mysteries: The Edgar Allan Poe Conspiracy', 1, 1),
(201, 8, 'Miss Popularity', 1, 1),
(202, 6, 'Monster Garage', 1, 1),
(203, 17, 'Mortal Combat 4', 1, 1),
(204, 3, 'Mount And Blade', 1, 1),
(205, 17, 'Mtv Celebrity Deathmatch', 1, 1),
(206, 20, 'My Slave Is My Classmate', 1, 1),
(207, 23, 'Nancy Drew : Ghost Dogs Of Moon Lake', 1, 1),
(208, 3, 'Nanosaur : Hatchling', 1, 1),
(209, 9, 'Necromania : Trap Of Darkness', 1, 1),
(210, 9, 'Need For Speed 5 Porsche Unleashed', 1, 1),
(211, 29, 'Nexia Online Indogamers Server', 1, 1),
(212, 2, 'Nexuiz', 1, 1),
(213, 2, 'Nicktoons Winners Cup Racing', 1, 1),
(214, 4, 'Ninja Reflex', 1, 1),
(215, 3, 'Odd Society', 1, 1),
(216, 2, 'Ofp : Gold Expansion Pack', 1, 1),
(217, 2, 'Ofp : Resistance Expansion', 1, 1),
(218, 20, 'Old Visual Novel Collection', 1, 1),
(219, 2, 'Operation Flashpoint', 1, 1),
(220, 27, 'Outlaw Chopper', 1, 1),
(221, 3, 'Pherry Rodhan-deutch Language Version', 2, 1),
(222, 34, 'Pinball Shock Time', 1, 1),
(223, 48, 'Playboy The Mansion', 2, 1),
(224, 1, 'Pole Position 2010', 1, 1),
(225, 1, 'Premierre League Manager 2002', 1, 1),
(226, 35, 'Pretty Soldier Wars', 1, 1),
(227, 9, 'Prince Of Qin', 3, 1),
(228, 28, 'Prison Tycoon 4: Super Max', 1, 1),
(229, 20, 'Private Nurse', 2, 1),
(230, 2, 'Project.igi', 1, 1),
(231, 26, 'Psx Emulator +cheat + Brigandine Rom', 1, 1),
(232, 4, 'Punch And Crunch', 1, 1),
(233, 8, 'Puppy Luv Adventures', 1, 1),
(234, 15, 'Pure Hidden', 1, 1),
(235, 20, 'Purple Heart 2', 1, 1),
(236, 15, 'Puzzle Chr', 1, 1),
(237, 15, 'Puzzle Dimension', 2, 1),
(238, 15, 'Puzzle Quest 2', 1, 1),
(239, 2, 'Quake 3 - Arena', 1, 1),
(240, 6, 'Racing Team Manager', 1, 1),
(241, 6, 'Raiden Iii', 1, 1),
(242, 8, 'Railroad Tycoon 2 Deluxe + Addon', 1, 1),
(243, 8, 'Railroad Tycoon 3', 1, 1),
(244, 5, 'Raise Of Nation', 1, 1),
(245, 3, 'Rayman Raving Rabbids Rip Version', 1, 1),
(246, 10, 'Razor 2: Hidden Skies', 1, 1),
(247, 10, 'Rc Cars Racing', 1, 1),
(248, 10, 'Rebel Raiders Operation Nighthawk', 1, 1),
(249, 2, 'Red Faction 2', 1, 1),
(250, 3, 'Red Baron', 1, 1),
(251, 44, 'Reflexive Mini Games 2008', 1, 1),
(252, 5, 'Reign: Conflict Of Nations', 2, 1),
(253, 4, 'Resident Evil 2 Complete (leon And Claire)', 2, 1),
(254, 4, 'Resident Evil 3 : Nemesis', 1, 1),
(255, 6, 'Restaurant Empire', 1, 1),
(256, 7, 'Ride! Equestrian Simulation', 1, 1),
(257, 5, 'Rise Of Nation (portable)', 1, 1),
(258, 5, 'Rising Kingdoms', 2, 1),
(259, 5, 'Robin Hood ? The Legend Of Sherwood', 1, 1),
(260, 5, 'Robot Wars Extreme Destruction', 1, 1),
(261, 8, 'Rock Band Manager', 1, 1),
(262, 4, 'Rocket Knight', 1, 1),
(263, 3, 'Rockman X7', 1, 1),
(264, 8, 'Roller Coaster Tycoon', 1, 1),
(265, 8, 'Roller Coaster Tycoon 3', 1, 1),
(266, 3, 'Safari Photo Africa Wild Earth', 1, 1),
(267, 20, 'Sagara Family', 2, 1),
(268, 8, 'Sail Simulator 2010', 1, 1),
(269, 4, 'Sam And Max Seasion 1 And 2', 2, 1),
(270, 3, 'Sam And Max Season 2 Episode 1 - 4', 1, 1),
(271, 3, 'Score International Baja 1000', 1, 1),
(272, 9, 'Seal Of Evil', 2, 1),
(273, 9, 'Seal Online Update Job2 + Bonus', 1, 1),
(274, 9, 'Sega Bass Fishing', 1, 1),
(275, 9, 'Shandalar', 1, 1),
(276, 3, 'Shera: My Witch', 1, 1),
(277, 3, 'Silent.hill.2.directors.cut', 3, 1),
(278, 21, 'Sim City 3000', 1, 1),
(279, 21, 'Sim City 4', 2, 1),
(280, 8, 'Sim Coaster', 1, 1),
(281, 8, 'Singles Triple Trouble', 1, 1),
(282, 8, 'Skateboard Park Tycoon : Back In Usa', 1, 1),
(283, 8, 'Smashing Toys', 1, 1),
(284, 2, 'Sniper Art Of Victory', 1, 1),
(285, 3, 'Snoopy Vs The Red Baron', 1, 1),
(286, 20, 'Snow Sakura', 1, 1),
(287, 3, 'Spongebob And The Clash Of Triton', 1, 1),
(288, 4, 'Star Wars - Battle For Naboo', 1, 1),
(289, 4, 'Star Wars - Dark Forces', 1, 1),
(290, 4, 'Star Wars - Tie Fighter', 1, 1),
(291, 4, 'Star Wars Jedi Knight Ii: Jedi Outcast', 1, 1),
(292, 4, 'Star Wars Pod Racer', 1, 1),
(293, 5, 'Starcraft Brood War', 1, 1),
(294, 5, 'Storm Over', 1, 1),
(295, 17, 'Street Fighter Alpha 3', 1, 1),
(296, 17, 'Street Legal', 1, 1),
(297, 7, 'Street Tennis', 1, 1),
(298, 2, 'Sum Of All Fear', 1, 1),
(299, 9, 'Summoner', 1, 1),
(300, 5, 'Supreme Ruler 2020', 1, 1),
(301, 20, 'Taimanin Asagi', 1, 1),
(302, 20, 'Tasty Shafts', 1, 1),
(303, 2, 'Terrorist Takedown: Payback', 1, 1),
(304, 2, 'The Hell In Vietnam', 1, 1),
(305, 27, 'The Italian Job', 1, 1),
(306, 3, 'The Maw', 1, 1),
(307, 47, 'The Price Is Right', 1, 1),
(308, 3, 'The Simpsons - Hit & Run', 1, 1),
(309, 48, 'The Sims : Unleashed (expansion)', 2, 1),
(310, 48, 'The Sims 2 Ikea Home Stuff', 1, 1),
(311, 48, 'The Sims 2 Kitchen & Bath Stuff (addon)', 1, 1),
(312, 48, 'The Sims2 : Pets (expansion)', 1, 1),
(313, 2, 'Tom Clancy Ghost Recon Complete', 1, 1),
(314, 7, 'Top Manager', 1, 1),
(315, 9, 'Torchlight', 1, 1),
(316, 20, 'Transfer Student', 1, 1),
(317, 20, 'Tread Marks', 1, 1),
(318, 28, 'Tv Giant', 1, 1),
(319, 31, 'Urban Freestyle Soccer Rip Version', 1, 1),
(320, 31, 'V8 Chalenge', 1, 1),
(321, 9, 'Vampire: The Masquerade - Bloodlines', 4, 1),
(322, 9, 'Victorian Mysteries: Woman In White', 1, 1),
(323, 7, 'Virtua Tennis', 1, 1),
(324, 36, 'Virtual Strip Poker', 1, 1),
(325, 3, 'Wallace & Gromit Episode 2', 1, 1),
(326, 7, 'Wintersport Pro 2006', 1, 1),
(327, 5, 'Wold War 2: Panzer Claw 2', 2, 1),
(328, 7, 'Wrestling Mpire 2008', 1, 1),
(329, 7, 'Xpand Rally', 2, 1),
(330, 7, 'Xpand Rally', 1, 1),
(331, 7, 'Xtreme Accuracy Shooting', 1, 1),
(332, 7, 'Yamaha Supercross', 1, 1),
(333, 9, 'Ys I Dan Ii Complete', 2, 1),
(334, 36, 'Yu-gi-oh! Power Of Chaos-joey The Passion', 1, 1),
(335, 4, 'Yume', 1, 1),
(336, 20, 'Yume Miru Kusuri', 2, 1),
(337, 5, 'Zeus', 1, 1),
(338, 5, 'Zeus Expansion', 1, 1),
(339, 8, 'Zoo Tycoon', 1, 1);

-- --------------------------------------------------------

--
-- Table structure for table `master_listdvd`
--

CREATE TABLE IF NOT EXISTS `master_listdvd` (
  `ldvd_id` int(11) NOT NULL AUTO_INCREMENT,
  `lkat_id` int(11) NOT NULL,
  `ldvd_nama` varchar(255) NOT NULL,
  `ldvd_jumlah` int(11) NOT NULL,
  `ldvd_status` int(11) NOT NULL DEFAULT '1',
  PRIMARY KEY (`ldvd_id`)
) ENGINE=InnoDB  DEFAULT CHARSET=latin1 AUTO_INCREMENT=1091 ;

--
-- Dumping data for table `master_listdvd`
--

INSERT INTO `master_listdvd` (`ldvd_id`, `lkat_id`, `ldvd_nama`, `ldvd_jumlah`, `ldvd_status`) VALUES
(1, 1, 'Need For Speed Shift 2 Unleashed', 2, 1),
(2, 2, 'Crysis 2 Limited Edition V1.1', 2, 1),
(3, 3, 'Adams Venture 2 Solomons Secret', 1, 1),
(4, 2, 'M.i.a Mission In Asia', 1, 1),
(5, 2, 'They Are Alive', 1, 1),
(6, 4, 'Lego Star Wars Iii The Clone Wars', 2, 1),
(7, 2, 'Homefront', 3, 1),
(8, 5, 'Shogun 2: Total War', 4, 1),
(9, 2, 'Codename: Outbreak', 1, 1),
(10, 5, 'Hearts Of Iron Iii Gold Edition', 1, 1),
(11, 6, 'The Sims Medieval', 2, 1),
(12, 7, 'Stoked: Big Air Edition', 1, 1),
(13, 5, 'Theater Of War 2: Korea', 1, 1),
(14, 1, 'Car Racing Downtown', 1, 1),
(15, 6, 'Risk: Factions', 1, 1),
(16, 8, 'My First Trainz Set', 2, 1),
(17, 1, 'Mini Car', 1, 1),
(18, 3, '15 Days', 1, 1),
(19, 1, '18 Wheels Of Steel Big City Rigs', 1, 1),
(20, 1, '18 Wheels Of Steel: Extreme Trucker 2', 1, 1),
(21, 1, '4x4 Hummer', 1, 1),
(22, 3, '911 First Responders', 1, 1),
(23, 4, '9th Company: Roots Of Terror', 1, 1),
(24, 9, 'A Farewell To Dragons', 1, 1),
(25, 3, 'A Vampire Story', 1, 1),
(26, 4, 'A.i.m 2', 1, 1),
(27, 1, 'A.i.m 2 Racing', 1, 1),
(28, 5, 'Achtung Kharkov', 1, 1),
(29, 5, 'Achtung Panzer: Kharkov 1943', 1, 1),
(30, 4, 'Act Of War: Direct Action', 2, 1),
(31, 4, 'Act Of War: High Treason (expansion)', 1, 1),
(32, 9, 'Advent Rising', 1, 1),
(33, 5, 'Age Of Empire 3 Complete Edition', 1, 1),
(34, 9, 'Age Of Pirates', 1, 1),
(35, 9, 'Age Of Pirates 2', 2, 1),
(36, 5, 'Aggression - Reign Over Europe', 1, 1),
(37, 9, 'Agon From Lapland', 1, 1),
(38, 9, 'Agon: Lost Sword Of Toledo', 1, 1),
(39, 1, 'Alarm For Cobra 11: Burning Wheels', 1, 1),
(40, 4, 'Alice In Wonderland', 2, 1),
(41, 10, 'Alien Breed 2: Assault', 1, 1),
(42, 11, 'Alien Breed: Impact', 1, 1),
(43, 4, 'Alien Vs Predator 2', 4, 1),
(44, 4, 'Aliens Vs. Predator Classic', 1, 1),
(45, 9, 'Alliance Of Valiant Arms', 1, 1),
(46, 11, 'Alone In The Dark New', 2, 1),
(47, 11, 'Alone In The Dark: The New Nightmare', 1, 1),
(48, 10, 'Alpha Protocol', 3, 1),
(49, 3, 'Alter Ego', 1, 1),
(50, 4, 'Alternative', 1, 1),
(51, 12, 'Amnesia: The Dark Descent', 1, 1),
(52, 3, 'Anacapri', 1, 1),
(53, 5, 'Ancient Wars: Sparta', 1, 1),
(54, 11, 'And Yet It Moves', 1, 1),
(55, 5, 'Anno 1701', 1, 1),
(56, 5, 'Anno 1701 Gold Edition (include Expansion)', 1, 1),
(57, 5, 'Anno 1701: The Sunken Dragon (expansion)', 1, 1),
(58, 13, 'Apache Air Assault', 1, 1),
(59, 1, 'Arca Racing 2008', 1, 1),
(60, 9, 'Arcania: Gothic 4', 2, 1),
(61, 2, 'Arma : Queen''s Gambit (expansion Dari Armed Assault)', 1, 1),
(62, 4, 'Armed And Dangerous', 1, 1),
(63, 2, 'Armed Assault', 1, 1),
(64, 2, 'Armed Assault 2', 2, 1),
(65, 4, 'Armed Assault 2: Operation Arrowhead', 2, 1),
(66, 2, 'Army Ranger: Mogadishu', 1, 1),
(67, 3, 'Around The World In 80 Days', 1, 1),
(68, 14, 'Arsenal Of Democracy', 1, 1),
(69, 5, 'Arsenal Of Democracy', 1, 1),
(70, 3, 'Art Of Murder : Fbi Confidential', 1, 1),
(71, 3, 'Art Of Murder Card Of Destiny', 1, 1),
(72, 3, 'Art Of Murder Cards Od Destiny', 1, 1),
(73, 3, 'Art Of Murder Hunt A Puppeteer', 1, 1),
(74, 3, 'Arthur And The Minimoys', 1, 1),
(75, 15, 'Arthur And The Revenge Of Maltazard', 1, 1),
(76, 9, 'Ascension To The Throne', 1, 1),
(77, 9, 'Ascension To The Throne  Valkyrie', 1, 1),
(78, 7, 'Ashes Cricket 09', 1, 1),
(79, 4, 'Assasin Creed 2', 2, 1),
(80, 4, 'Assasin Creed Final Release', 2, 1),
(81, 4, 'Assassins Creed : Brotherhood', 2, 1),
(82, 7, 'Asterix At The Olympic Games', 1, 1),
(83, 9, 'Aura 2: The Sacred Rings', 1, 1),
(84, 9, 'Aura: Fate Of The Ages', 1, 1),
(85, 9, 'Avencast: Rise Of The Mage', 1, 1),
(86, 9, 'Aztaka', 1, 1),
(87, 9, 'Azur And Azmar', 1, 1),
(88, 4, 'Bad Day La', 1, 1),
(89, 9, 'Baldur''s Gate I & Ii', 2, 1),
(90, 3, 'Barbie As The Island Princess', 1, 1),
(91, 15, 'Barbie Fashion Show', 1, 1),
(92, 3, 'Barbie Horse Adventures Riding Camp', 1, 1),
(93, 3, 'Baron Wittard: Nemesis Of Ragnarok', 1, 1),
(94, 3, 'Baron Wittard: Nemesis Of Ragnarok', 1, 1),
(95, 4, 'Batman: Arkham Asylum', 2, 1),
(96, 5, 'Battle For The Pacific', 1, 1),
(97, 16, 'Battle Forge  Online', 1, 1),
(98, 2, 'Battle Los Angeles', 1, 1),
(99, 5, 'Battle Realms + Winter Of The Wolf', 1, 1),
(100, 2, 'Battlefield 2 Plus', 1, 1),
(101, 2, 'Battlefield 2 The Collection', 1, 1),
(102, 2, 'Battlefield 2142', 1, 1),
(103, 2, 'Battlefield Bad Company 2 (patch Only)', 1, 1),
(104, 2, 'Battlefield Vietnam', 1, 1),
(105, 2, 'Battlefield: Bad Company 2', 2, 1),
(106, 5, 'Battlestations Midway', 2, 1),
(107, 5, 'Battlestations: Pacific', 2, 1),
(108, 7, 'Beijing 2008', 2, 1),
(109, 3, 'Belief & Betrayal', 1, 1),
(110, 4, 'Beowulf', 2, 1),
(111, 2, 'Bet On Soldier: Black Out Saigon', 1, 1),
(112, 2, 'Bet On Soldier: Blood Of Sahara', 1, 1),
(113, 9, 'Beyond Divinity', 1, 1),
(114, 3, 'Beyond Good & Evil', 1, 1),
(115, 2, 'Bio Shock', 2, 1),
(116, 3, 'Bionic Commando', 2, 1),
(117, 4, 'Bionicle Heroes', 1, 1),
(118, 2, 'Bioshock Ii', 2, 1),
(119, 3, 'Black  Mirror Ii', 1, 1),
(120, 5, 'Black And White Special', 1, 1),
(121, 11, 'Black Buccaneer', 1, 1),
(122, 4, 'Blacksite: Area 51', 3, 1),
(123, 3, 'Blade Kitten', 1, 1),
(124, 4, 'Blazblue: Calamity Trigger', 1, 1),
(125, 17, 'Blazblues: Continuum Shift', 1, 1),
(126, 8, 'Blazing Angels 2: Secret Missions Of Wwii', 1, 1),
(127, 8, 'Blazing Angels: Squadrons Of Wwii', 1, 1),
(128, 5, 'Blitzkrieg', 1, 1),
(129, 5, 'Blitzkrieg 2: Liberation', 1, 1),
(130, 7, 'Blood Bowl 2009', 1, 1),
(131, 4, 'Blood Rayne', 1, 1),
(132, 1, 'Blur', 2, 1),
(133, 3, 'Bolt', 2, 1),
(134, 18, 'Bonetown', 1, 1),
(135, 9, 'Borderland: Claptrap''s New Robot Revolution (expansion)', 1, 1),
(136, 4, 'Borderlands', 2, 1),
(137, 4, 'Borderlands: Mad Moxxi''s Underdome Riot (expansion)', 1, 1),
(138, 4, 'Borderlands: Secret Armory (expansion)', 1, 1),
(139, 4, 'Borderlands: The Zombie Island Of Dr. Ned (expansion)', 1, 1),
(140, 2, 'Brigade 7.62 High Calibre', 1, 1),
(141, 3, 'Broken Sword: Secret Of The Ark', 1, 1),
(142, 3, 'Broken Sword: Shadow Of The Templars (director''s Cut)', 1, 1),
(143, 3, 'Broken Sword: The Angel Of Death', 1, 1),
(144, 2, 'Brother In Arms : Hell''s Highway', 2, 1),
(145, 2, 'Brothers In Arms: Earned In Blood', 1, 1),
(146, 2, 'Brothers In Arms: Road To Hill 30', 1, 1),
(147, 4, 'Bulletstorm', 2, 1),
(148, 3, 'Bully: Scholarship Edition', 1, 1),
(149, 7, 'Bungee National Foreign', 1, 1),
(150, 1, 'Burnout: Paradise Ultimate', 1, 1),
(151, 8, 'Bus Simulator 2008', 1, 1),
(152, 3, 'Cabela''s Big Game Hunter 2010', 1, 1),
(153, 3, 'Call Of Cthulhu: Dark Corners Of The Earth', 1, 1),
(154, 2, 'Call Of Duty 2', 1, 1),
(155, 2, 'Call Of Duty 4 : Modern Warfare', 2, 1),
(156, 2, 'Call Of Duty 5: World At War', 2, 1),
(157, 2, 'Call Of Duty American Rush 2', 1, 1),
(158, 2, 'Call Of Duty Special Edition', 1, 1),
(159, 2, 'Call Of Duty: Black Ops', 2, 1),
(160, 2, 'Call Of Duty: Modern Warfare 2', 3, 1),
(161, 2, 'Call Of Juares', 1, 1),
(162, 2, 'Call Of Juarez: Bound In Blood', 1, 1),
(163, 1, 'Car And Bike Racing Compilation', 1, 1),
(164, 19, 'Cargo Pilot (fsx Addon)', 1, 1),
(165, 15, 'Carol Vorderman''s Sudoku', 1, 1),
(166, 1, 'Cars Mater-national Championship', 1, 1),
(167, 1, 'Cars Toon: Mater''s Tall Tales', 1, 1),
(168, 1, 'Cars: Radiator Springs Adventure', 1, 1),
(169, 3, 'Casebook Episode 1: Kidnapped', 1, 1),
(170, 3, 'Casebook Episode 3: Snake In The Grass', 1, 1),
(171, 3, 'Casebook Episode I - Kidnapped', 1, 1),
(172, 20, 'Castle Fantasia 2 Renewal + English Patch', 1, 1),
(173, 20, 'Cat Girl Alliance', 1, 1),
(174, 2, 'Cellfactor: Revolution', 1, 1),
(175, 3, 'Ceville', 1, 1),
(176, 8, 'Championship Manager 2010', 1, 1),
(177, 9, 'Chantelise', 1, 1),
(178, 7, 'Chessbase : Fritz Chess 10', 1, 1),
(179, 4, 'Chicken Little: Ace In Action', 1, 1),
(180, 2, 'Chrome Specforce', 1, 1),
(181, 18, 'Chronicles Of Mystery The Scorpio Ritual', 1, 1),
(182, 4, 'Cid The Dummy', 1, 1),
(183, 8, 'Cities Xl', 1, 1),
(184, 8, 'Cities Xl 2011', 1, 1),
(185, 8, 'Cities Xl Limited Edition', 1, 1),
(186, 8, 'City Bus Simulator 2009', 1, 1),
(187, 8, 'City Bus Simulator 2010', 1, 1),
(188, 8, 'City Life 2008 Edition', 1, 1),
(189, 5, 'Civilization Iv + Expansion', 1, 1),
(190, 20, 'Clannad', 1, 1),
(191, 1, 'Classic Car Racing', 1, 1),
(192, 21, 'Cleopatra', 1, 1),
(193, 11, 'Clive Barker''s Jericho', 1, 1),
(194, 4, 'Close Combat Wacht Am Rhein', 1, 1),
(195, 5, 'Close Combat: Cross Of Iron', 1, 1),
(196, 5, 'Close Combat: Invasion: Normandy', 1, 1),
(197, 22, 'Close Combat: Last Stand Arnhem', 1, 1),
(198, 4, 'Cloudy With A Chance Of Meatballs', 1, 1),
(199, 15, 'Clover: A Curious Tale', 1, 1),
(200, 4, 'Code Of Honor 2: Conspiracy Island', 1, 1),
(201, 4, 'Code Of Honor 3 Desperate Measures', 1, 1),
(202, 5, 'Codename Panzers: Cold War', 2, 1),
(203, 1, 'Colin Mcrae Dirt', 2, 1),
(204, 5, 'Combat Mission Anthology', 1, 1),
(205, 22, 'Combat Wings: Battle Of The Pacific', 1, 1),
(206, 5, 'Command & Conquer 4: Tiberian Twilight', 2, 1),
(207, 5, 'Command & Conquer: Generals + Bonus', 1, 1),
(208, 5, 'Command & Conquer: Kane''s Wrath (expansion)', 2, 1),
(209, 5, 'Command & Conquer: Red Alert 3', 2, 1),
(210, 5, 'Command & Conquer: Red Alert 3 Uprising', 2, 1),
(211, 5, 'Command & Conquer: The First Decade', 2, 1),
(212, 5, 'Command & Conquer: Tiberium Wars Kane Edition', 2, 1),
(213, 5, 'Commandos 3: Destination Berlin', 1, 1),
(214, 5, 'Commandos Strike Force', 1, 1),
(215, 5, 'Company Of Heroes', 1, 1),
(216, 5, 'Company Of Heroes: Opposing Fronts V2.201', 2, 1),
(217, 5, 'Company Of Heroes: Tales Of Valor', 2, 1),
(218, 4, 'Conflict: Denied Ops', 2, 1),
(219, 20, 'Cosplay Alien', 1, 1),
(220, 5, 'Cossacks', 1, 1),
(221, 2, 'Counter Strike Gold', 1, 1),
(222, 1, 'Crash Time 4: The Syndicate', 1, 1),
(223, 5, 'Crash Time Iii', 1, 1),
(224, 20, 'Crescendo', 1, 1),
(225, 4, 'Crimes Of War', 1, 1),
(226, 4, 'Crusaders', 1, 1),
(227, 11, 'Cryostasis: The Sleep Of Reason', 1, 1),
(228, 2, 'Crysis', 2, 1),
(229, 2, 'Crysis 2 Beta', 3, 1),
(230, 2, 'Crysis Warhead', 2, 1),
(231, 2, 'Crysis: Maximum Edition', 5, 1),
(232, 23, 'Csi: Deadly Intent', 1, 1),
(233, 3, 'Csi: Fatal Conspiracy', 1, 1),
(234, 3, 'Csi: Hard Evidence', 1, 1),
(235, 3, 'Csi: Ny', 1, 1),
(236, 3, 'Culpa Innata', 1, 1),
(237, 3, 'Curious George', 1, 1),
(238, 4, 'Cursed Mountain', 2, 1),
(239, 7, 'Customplay Golf 2010', 1, 1),
(240, 3, 'Da Capo Plus Communication', 1, 1),
(241, 3, 'Da Vinci Code', 1, 1),
(242, 9, 'Daemon Vector', 1, 1),
(243, 4, 'Damnation', 2, 1),
(244, 8, 'Dance! It''s Your Stage', 1, 1),
(245, 3, 'Dark Fall: Lost Souls', 1, 1),
(246, 5, 'Dark Horizon', 1, 1),
(247, 9, 'Dark Messiah Of Might And Magic', 2, 1),
(248, 2, 'Dark Salvation', 1, 1),
(249, 4, 'Dark Sector', 2, 1),
(250, 4, 'Dark Void', 2, 1),
(251, 2, 'Darkest Of Days', 2, 1),
(252, 4, 'Darksiders', 4, 1),
(253, 3, 'Darkstar - The Interactive Movie', 4, 1),
(254, 9, 'Dawn Of Magic 2', 1, 1),
(255, 8, 'Dcs: Black Shark', 1, 1),
(256, 4, 'Dead Or Alive 2', 1, 1),
(257, 9, 'Dead Rising 2', 2, 1),
(258, 2, 'Dead Space', 2, 1),
(259, 2, 'Dead Space 2', 5, 1),
(260, 24, 'Deadliest Catch Alaskan Storm', 1, 1),
(261, 9, 'Death Spank', 1, 1),
(262, 4, 'Death To Spies: Moment Of Truth', 1, 1),
(263, 1, 'Death Track: Resurrection', 1, 1),
(264, 9, 'Deathspank: Thongs Of Virtue', 1, 1),
(265, 20, 'December Without An Angel', 1, 1),
(266, 7, 'Deer Hunter Tournament', 1, 1),
(267, 4, 'Delta Force Xtreme 2', 1, 1),
(268, 9, 'Demigod', 1, 1),
(269, 5, 'Desperados 2: Cooper''s Revenge', 1, 1),
(270, 8, 'Destruction Simulator', 1, 1),
(271, 4, 'Devastation', 1, 1),
(272, 4, 'Devil May Cry 3', 1, 1),
(273, 4, 'Devil May Cry 4', 2, 1),
(274, 4, 'Devil May Cry 4 Rip Version', 1, 1),
(275, 9, 'Dexter', 1, 1),
(276, 9, 'Diablo Ii Complete + Bonus', 1, 1),
(277, 3, 'Diabolik: The Original Sin', 1, 1),
(278, 3, 'Diamon Jones: Amulet Of The World', 1, 1),
(279, 17, 'Digimon Rumble Arena 2 (wii Emulator)', 1, 1),
(280, 8, 'Digital Combat Simulator: Black Shark', 2, 1),
(281, 9, 'Dimensity', 1, 1),
(282, 25, 'Dinasty Warrior 4 - Hyper', 1, 1),
(283, 4, 'Dinasty Warrior 5', 1, 1),
(284, 4, 'Dinasty Warrior 5 Japan', 1, 1),
(285, 4, 'Dinasty Warrior 6 English Version', 1, 1),
(286, 4, 'Dirt - Origin Of The Species', 1, 1),
(287, 1, 'Dirt 2', 2, 1),
(288, 5, 'Disciples 2: Rise Of The Elves', 1, 1),
(289, 5, 'Disciples Ii: Dark Prophecy', 1, 1),
(290, 5, 'Disciples Ii: Gold Edition', 2, 1),
(291, 5, 'Disciples Iii: Renaissance', 2, 1),
(292, 4, 'Disney Tangled: The Video Game', 1, 1),
(293, 8, 'Dive To The Titanic', 1, 1),
(294, 8, 'Diver Deep Water Adventures', 1, 1),
(295, 9, 'Divine Divinity', 1, 1),
(296, 9, 'Divinity 2', 2, 1),
(297, 2, 'Doom 3 + Bonus', 1, 1),
(298, 3, 'Dracula 3: Path Of The Dragon', 1, 1),
(299, 3, 'Dracula Origin', 1, 1),
(300, 9, 'Dragon Age Ii: Signature Edition', 2, 1),
(301, 9, 'Dragon Age: Origins', 2, 1),
(302, 9, 'Dragon Age: Origins - Awakening (expansion)', 1, 1),
(303, 9, 'Dragon Age: Origins - Golems Of Amgarrak (expansion)', 1, 1),
(304, 9, 'Dragon Age: Origins -- Leliana''s Song (expansion)', 1, 1),
(305, 9, 'Dragon Age: Origins - Return To Astagar (expansion)', 1, 1),
(306, 9, 'Dragon Age: Witch Hunt Dlc Pack (add-on)', 1, 1),
(307, 9, 'Drakensang: The Dark Eye', 1, 1),
(308, 4, 'Dream Killer', 2, 1),
(309, 26, 'Dreamcast Emulator + Room Collection', 1, 1),
(310, 3, 'Dreamfall: The Longest Journey', 1, 1),
(311, 27, 'Driver Paralel Lines', 1, 1),
(312, 1, 'Ducati World Championship', 1, 1),
(313, 9, 'Dungeon Siege Ii', 1, 1),
(314, 5, 'Dungeons', 1, 1),
(315, 9, 'Dungeons & Dragons: Dragonshard', 1, 1),
(316, 4, 'Dynasty Warriors 6 Japan', 1, 1),
(317, 4, 'East India Company', 1, 1),
(318, 20, 'Edelweiss', 1, 1),
(319, 20, 'Edelweiss Eiden Fantasia', 1, 1),
(320, 3, 'Edna & Harvey: The Breakout', 1, 1),
(321, 3, 'Edna & Harvey: The Breakout', 1, 1),
(322, 9, 'Elder Scrolls Iv: Knights Of The Nine (expansion)', 1, 1),
(323, 9, 'Elder Scrolls Iv: Oblivion', 1, 1),
(324, 9, 'Elder Scrolls Iv: Shivering Isles (expansion)', 1, 1),
(325, 6, 'Elemental: War Of Magic', 1, 1),
(326, 7, 'Ellen Whitaker''s Horse Life', 1, 1),
(327, 5, 'Elven Legacy', 1, 1),
(328, 8, 'Emergency 2012', 2, 1),
(329, 18, 'Emergency Room 4', 1, 1),
(330, 5, 'Emperor Battle For Dune', 1, 1),
(331, 5, 'Empire Earth 2', 1, 1),
(332, 5, 'Empire Earth 3', 2, 1),
(333, 5, 'Empire Earth Gold', 1, 1),
(334, 5, 'Empire: Total War', 3, 1),
(335, 4, 'Enclave', 1, 1),
(336, 2, 'Enemy Territory: Quake Wars', 2, 1),
(337, 4, 'Eragon', 1, 1),
(338, 9, 'Escape From Paradise City', 1, 1),
(339, 3, 'Everlight Of Magic & Power', 1, 1),
(340, 4, 'Evil Days: Pound Of Ground', 1, 1),
(341, 1, 'Evolution Gt', 1, 1),
(342, 2, 'F.e.a.r. 2: Project Origin', 3, 1),
(343, 2, 'F.e.a.r. Extraction Point (expansion)', 1, 1),
(344, 2, 'F.e.a.r. First Encounter Assault Recon', 1, 1),
(345, 2, 'F.e.a.r. Perseus Mandate', 1, 1),
(346, 1, 'F1 2007', 1, 1),
(347, 1, 'F1 2010', 2, 1),
(348, 1, 'F1 2010 Rip Version', 1, 1),
(349, 1, 'F1 Challenge Pdk 2008', 1, 1),
(350, 9, 'Fable: The Lost Chapters', 1, 1),
(351, 5, 'Faces Of War', 1, 1),
(352, 28, 'Fairy Godmother Tycoon', 1, 1),
(353, 3, 'Fairy Tales: Three Heroes', 1, 1),
(354, 9, 'Fallen Earth', 2, 1),
(355, 9, 'Fallout 3', 2, 1),
(356, 9, 'Fallout 3 : Broken Still & The Pitt (expansion 2 In 1)', 1, 1),
(357, 9, 'Fallout 3 : Operation Anchorage (expansion)', 1, 1),
(358, 9, 'Fallout 3 Complete + All Expansion', 2, 1),
(359, 9, 'Fallout Collection', 1, 1),
(360, 9, 'Fallout: New Vegas', 2, 1),
(361, 20, 'Family Project Kaizoku Keikaku', 1, 1),
(362, 5, 'Fantasy Wars', 2, 1),
(363, 2, 'Far Cry 2', 1, 1),
(364, 2, 'Farcry', 1, 1),
(365, 8, 'Farming Simulator 2011', 1, 1),
(366, 5, 'Fate Of Hellas', 1, 1),
(367, 20, 'Fate Stay Nights', 1, 1),
(368, 2, 'Fear 2: Project Origin - Reborn (expansion)', 1, 1),
(369, 29, 'Fear Combat', 1, 1),
(370, 30, 'Fifa 2008', 1, 1),
(371, 30, 'Fifa 2009', 2, 1),
(372, 31, 'Fifa 2010', 2, 1),
(373, 14, 'Fifa Manager 10', 2, 1),
(374, 32, 'Fifa Manager 11', 2, 1),
(375, 14, 'Fifa Manager 2008', 1, 1),
(376, 14, 'Fifa Manager 2009', 1, 1),
(377, 31, 'Fifa Soccer 11', 2, 1),
(378, 20, 'Figures Of Happiness', 1, 1),
(379, 1, 'Fim Speedway Gp3', 1, 1),
(380, 9, 'Final Fantasy Vii For Pc', 1, 1),
(381, 9, 'Final Fantasy Viii For Pc', 1, 1),
(382, 4, 'First Battalion', 1, 1),
(383, 1, 'Flatout 2', 1, 1),
(384, 1, 'Flatout Ultimate Carnage', 1, 1),
(385, 7, 'Floorball League', 1, 1),
(386, 29, 'Flyff Online', 1, 1),
(387, 14, 'Football Manager 2009', 1, 1),
(388, 14, 'Football Manager 2010', 1, 1),
(389, 32, 'Football Manager 2011', 1, 1),
(390, 14, 'Football Manager 2011 Versi 11.3.0', 1, 1),
(391, 4, 'Forgotten Realms: Demon Stone', 1, 1),
(392, 20, 'Fortune Arterial', 1, 1),
(393, 3, 'Fragment Eclipse', 1, 1),
(394, 28, 'Freight Tycoon Inc', 1, 1),
(395, 15, 'Fritz 12', 1, 1),
(396, 10, 'Front Mission Evolved', 2, 1),
(397, 3, 'Frontline Fields Of Thunder', 1, 1),
(398, 2, 'Frontlines: Fuel Of War', 3, 1),
(399, 19, 'Fs Global 2008 (addon Fsx)', 3, 1),
(400, 1, 'Fuel', 1, 1),
(401, 20, 'Gadget Trial', 1, 1),
(402, 5, 'Galactic Civilisation 2', 1, 1),
(403, 5, 'Galactic Civilization Ii: Ultimate Edition', 1, 1),
(404, 5, 'Galactic Civilizations Ii - Endless Universe', 1, 1),
(405, 4, 'Garshasp', 1, 1),
(406, 26, 'Gba+gbc+gb Rom (2gb) + Vba Emulator', 1, 1),
(407, 4, 'Gbr Special Commando Unit', 1, 1),
(408, 10, 'Gears Of War', 2, 1),
(409, 4, 'G-force', 1, 1),
(410, 3, 'Ghost Pirates A Voodoo Island', 1, 1),
(411, 4, 'Ghostbusters The Video Game', 2, 1),
(412, 4, 'Gladiator: Sword Of Vengeance', 1, 1),
(413, 4, 'God Of War Ii', 1, 1),
(414, 4, 'Golden Compass', 2, 1),
(415, 9, 'Gothic 2 Night Of The Raven', 1, 1),
(416, 9, 'Gothic 3', 1, 1),
(417, 9, 'Gothic 3 - Forsaken Gods (expansion)', 1, 1),
(418, 5, 'Grand Ages Rome: Reign Of August', 1, 1),
(419, 5, 'Grand Ages: Rome', 1, 1),
(420, 27, 'Grand Theft Auto 4', 4, 1),
(421, 4, 'Grand Theft Auto Iv: Episodes From Liberty City Stories', 4, 1),
(422, 27, 'Grand Theft Auto: San Andreas + Bonus', 1, 1),
(423, 29, 'Grand Theft Auto: San Andreas Multi Player (indogamers)', 1, 1),
(424, 3, 'Gray Matter', 2, 1),
(425, 9, 'Greed', 1, 1),
(426, 9, 'Greed - Black Border', 1, 1),
(427, 3, 'Grey''s Anatomy', 1, 1),
(428, 1, 'Grid: Race Driver', 2, 1),
(429, 9, 'Grotesque Tactics : Evil Heroes', 1, 1),
(430, 1, 'Gtr Evolution', 1, 1),
(431, 33, 'Guitar Hero 3', 1, 1),
(432, 8, 'Guitar Hero World Tour', 2, 1),
(433, 33, 'Guitar Hero: Aerosmith', 1, 1),
(434, 2, 'Half-life 2: Flipside Mod', 1, 1),
(435, 2, 'Halo 2', 1, 1),
(436, 7, 'Handball Simulator European Tournament 2010', 1, 1),
(437, 7, 'Hank Haney''s World Golf', 1, 1),
(438, 4, 'Hannah Montana', 1, 1),
(439, 9, 'Hard To Be A God', 1, 1),
(440, 3, 'Harry Potter 5: The Order Phoenix', 1, 1),
(441, 4, 'Harry Potter And The Deathly Hallows Part 1', 2, 1),
(442, 3, 'Harry Potter And The Half-blood Prince', 1, 1),
(443, 4, 'Hazen: The Dark Whisper', 1, 1),
(444, 5, 'Hearts Of Iron Anthology', 1, 1),
(445, 5, 'Hearts Of Iron Iii', 1, 1),
(446, 5, 'Helldorados', 2, 1),
(447, 9, 'Hellgate-london', 2, 1),
(448, 5, 'Heroes Of Annihilated Empires', 1, 1),
(449, 9, 'Heroes Of Might And Magic Iv With Complete Expansion', 1, 1),
(450, 9, 'Heroes Of Might And Magic V', 1, 1),
(451, 9, 'Heroes Of Might And Magic V: Hammers Of Fate(expansion)', 1, 1),
(452, 9, 'Heroes Of Might And Magic V: Tribes Of The East', 1, 1),
(453, 29, 'Heroes Of Newearth Indogamers Server', 1, 1),
(454, 22, 'Heroes Over Europe', 2, 1),
(455, 8, 'High School Musical 3', 1, 1),
(456, 5, 'Hinterland', 1, 1),
(457, 5, 'Hired Guns: The Jagged Edge', 1, 1),
(458, 4, 'History Channel Civil War: Secret Missions', 1, 1),
(459, 4, 'Hitman: Blood Money', 1, 1),
(460, 4, 'Hitman: Contracts', 1, 1),
(461, 3, 'Horrible Histories: Ruthless Romans', 1, 1),
(462, 1, 'Hot Wheels Beat That', 1, 1),
(463, 8, 'Hotel Giant', 1, 1),
(464, 8, 'Hotel Giant 2', 1, 1),
(465, 4, 'Hour Of Victory', 2, 1),
(466, 15, 'Hoyle Card Games 2011', 1, 1),
(467, 34, 'Hoyle Casino 2010', 1, 1),
(468, 15, 'Hoyle Puzzle & Board Games 2008', 1, 1),
(469, 15, 'Hoyle Puzzle & Board Games 2011', 1, 1),
(470, 5, 'Hundred Swords', 1, 1),
(471, 9, 'I Of The Dragon', 1, 1),
(472, 4, 'Ice Age 3: Dawn Of The Dinosaurs', 1, 1),
(473, 9, 'Icewind Dale I & Ii', 2, 1),
(474, 29, 'Idol Street + Bonus', 1, 1),
(475, 3, 'Igor: The Game', 1, 1),
(476, 3, 'I''m Not Alone', 1, 1),
(477, 2, 'Instinct', 1, 1),
(478, 6, 'International Basketball Manager Season 2010-2011', 1, 1),
(479, 3, 'Iron Man', 1, 1),
(480, 3, 'Jack Keane', 2, 1),
(481, 9, 'Jade Empire Special Edition', 2, 1),
(482, 4, 'James Bond 007: Quantum Of Solace', 2, 1),
(483, 4, 'James Cameron''s Avatar: The Game', 1, 1),
(484, 4, 'Jaws Unleashed', 1, 1),
(485, 4, 'Jekyll & Hyde', 1, 1),
(486, 7, 'John Daly''s Prostroke Golf', 1, 1),
(487, 5, 'Joint Task Force', 1, 1),
(488, 3, 'Jolly Rover Special Edition', 1, 1),
(489, 4, 'Jonathan Kane: The Protector', 1, 1),
(490, 1, 'Juiced 2: Hot Import Nights', 1, 1),
(491, 4, 'Just Cause', 2, 1),
(492, 4, 'Just Cause Ii', 1, 1),
(493, 4, 'Kabuss 22', 1, 1),
(494, 4, 'Kane & Lynch : Dead Men', 2, 1),
(495, 4, 'Kane & Lynch 2: Dog Days', 2, 1),
(496, 4, 'Kane And Lynch 2 Rip Version', 1, 1),
(497, 2, 'Killing Floor', 1, 1),
(498, 9, 'King Arthur - The Role-playing Wargame', 2, 1),
(499, 5, 'King Arthur: The Saxons (expansion)', 1, 1),
(500, 35, 'Kingdom + English Patch', 1, 1),
(501, 5, 'Kingdom Under Fire: Gold Edition', 1, 1),
(502, 9, 'King''s Bounty', 1, 1),
(503, 9, 'King''s Bounty: Armored Princess', 1, 1),
(504, 6, 'King''s Bounty: Crossworlds (expansion)', 1, 1),
(505, 9, 'Knights Of Honor Portable Edition', 1, 1),
(506, 4, 'Knigt Of The Temple 2', 1, 1),
(507, 9, 'Konung 3: Ties Of The Dynasty', 1, 1),
(508, 4, 'Kungfu Panda', 2, 1),
(509, 4, 'Kungfu Panda Rip Version', 1, 1),
(510, 27, 'L.a. Rush', 1, 1),
(511, 3, 'Lara Croft And The Guardian Of Light', 1, 1),
(512, 3, 'Last Half Of Darkness: Beyond The Spirit''s Eye', 1, 1),
(513, 3, 'Last Half Of Darkness: Tomb Of Zojir', 1, 1),
(514, 11, 'Left 4 Dead', 1, 1),
(515, 2, 'Left 4 Dead 2 (full Rip Non Steam)', 1, 1),
(516, 2, 'Left 4 Dead 2 Indogamers', 1, 1),
(517, 2, 'Left 4 Dead 2: Sacrifice (addon)', 1, 1),
(518, 2, 'Left 4 Dead Survival Pack', 1, 1),
(519, 5, 'Left Behind 3: Rise Of The Antichrist', 1, 1),
(520, 5, 'Left Behind: Tribulation Forces', 1, 1),
(521, 9, 'Legend: Hand Of God', 1, 1),
(522, 4, 'Legendary', 2, 1),
(523, 4, 'Lego Batman', 1, 1),
(524, 15, 'Lego Harry Potter', 2, 1),
(525, 3, 'Lego Indiana Jones', 1, 1),
(526, 3, 'Lego Indiana Jones 2: The Adventure Continues', 2, 1),
(527, 3, 'Lego Star Wars Ii The Original Trilogy', 1, 1),
(528, 4, 'Lego Star Wars: The Complete Saga For Wii', 1, 1),
(529, 3, 'Leisure Suit Larry: Box Office Bust', 1, 1),
(530, 8, 'Light Of Altair', 1, 1),
(531, 2, 'Line Of Sight: Vietnam', 1, 1),
(532, 5, 'Lionheart: Kings'' Crusade', 1, 1),
(533, 20, 'Little Buster!', 1, 1),
(534, 20, 'Little Buster! Ex', 2, 1),
(535, 28, 'Littlest Pet Shop', 1, 1),
(536, 8, 'Lock-on: Flaming Cliffs', 1, 1),
(537, 9, 'Loki', 1, 1),
(538, 4, 'Lord Of The Ring: Battle Of Middleearth', 1, 1),
(539, 3, 'Lost Horizon', 1, 1),
(540, 4, 'Lost Planet - Extreme Condition', 2, 1),
(541, 4, 'Lost Planet - Extreme Condition Colonies Edition', 2, 1),
(542, 4, 'Lost Planet - Extreme Condition Rip Version', 1, 1),
(543, 10, 'Lost Planet 2', 3, 1),
(544, 15, 'Lucidity', 1, 1),
(545, 3, 'Lucky Luke Go West', 1, 1),
(546, 3, 'Machinarium', 1, 1),
(547, 3, 'Madagascar: Escape 2 Africa', 2, 1),
(548, 3, 'Mafia', 1, 1),
(549, 4, 'Mafia 2', 2, 1),
(550, 9, 'Magicka', 1, 1),
(551, 9, 'Majesty 2: Battle Of Arcania', 1, 1),
(552, 5, 'Majesty 2: Monster Kingdom (expansion)', 1, 1),
(553, 5, 'Majesty 2: The Fantasy Kingdom Sim', 1, 1),
(554, 5, 'Majesty Anthology', 1, 1),
(555, 7, 'Major League Baseball 2k10', 2, 1),
(556, 4, 'Manhunt 2', 1, 1),
(557, 4, 'Marc Ecko''s Getting Up: Contents Under Pressure', 1, 1),
(558, 9, 'Marvel Ultimate Alliance', 1, 1),
(559, 36, 'Marvel: Trading Card Game', 1, 1),
(560, 4, 'Mass Efect', 2, 1),
(561, 9, 'Mass Effect 2', 4, 1),
(562, 9, 'Mass Effect 2 Overlord Dlc Pack', 1, 1),
(563, 9, 'Mass Effect 2: Lair Of The Shadow Broker (expansion)', 1, 1),
(564, 4, 'Mass Effect 2? - Kasumi''s Stolen Memory (expansion)', 1, 1),
(565, 5, 'Master Of Orion Iii', 1, 1),
(566, 3, 'Mata Hari: Betrayal Is Only A Kiss Away Screens', 1, 1),
(567, 4, 'Matrix The Path Of Neo', 1, 1),
(568, 4, 'Max Payne 2', 1, 1),
(569, 2, 'Medal Of Honor : Airbourne', 2, 1),
(570, 2, 'Medal Of Honor : Limited Edition', 2, 1),
(571, 2, 'Medal Of Honor Allied Assault', 1, 1),
(572, 2, 'Medal Of Honor Allied Assault:breakthrough(expansion)', 1, 1),
(573, 2, 'Medal Of Honor Pacific Assault Director''s Edition', 1, 1),
(574, 5, 'Medieval 2: Total War', 2, 1),
(575, 5, 'Medieval 2: Total War Kingdoms (expansion)', 2, 1),
(576, 3, 'Mega Man X8', 1, 1),
(577, 20, 'Meggiddo', 1, 1),
(578, 17, 'Melty Blood Actcadenza Version B', 1, 1),
(579, 17, 'Melty Blood Re-act Final Tuned', 1, 1),
(580, 2, 'Men Of Valor', 1, 1),
(581, 5, 'Men Of War', 2, 1),
(582, 5, 'Men Of War: Assault Squad', 1, 1),
(583, 5, 'Men Of War: Red Tide', 1, 1),
(584, 4, 'Mercenaries 2: World In Flames', 2, 1),
(585, 2, 'Merchant Of Brooklyn', 1, 1),
(586, 4, 'Metal Gear Solid 2: Substance', 1, 1),
(587, 3, 'Metal Slug Anthology', 1, 1),
(588, 34, 'Metal Slug Collection', 1, 1),
(589, 4, 'Metro 2033', 2, 1),
(590, 19, 'Microsoft Flight Simulator 2004: A Century Of Flight', 1, 1),
(591, 8, 'Microsoft Flight Simulator X', 2, 1),
(592, 8, 'Microsoft Flight Simulator X Addon Collection', 2, 1),
(593, 8, 'Microsoft Flight Simulator X: Acceleration (addon)', 1, 1),
(594, 19, 'Microsoft Flight Simulator X: Traffic (add On)', 1, 1),
(595, 3, 'Mini Ninjas', 2, 1),
(596, 4, 'Mirror''s Edge', 2, 1),
(597, 14, 'Mlb Front Office Manager', 1, 1),
(598, 3, 'Mob Ties Tokyo', 1, 1),
(599, 37, 'Molester Train Man 2', 1, 1),
(600, 10, 'Monday Night Combat', 1, 1),
(601, 3, 'Monkey Island 2: Lechuck''s Revenge', 1, 1),
(602, 10, 'Monster Madness: Battle For Suburbia', 1, 1),
(603, 3, 'Monsters Vs. Aliens', 2, 1),
(604, 1, 'Moto Gp 2007', 1, 1),
(605, 1, 'Moto Gp 2008', 1, 1),
(606, 1, 'Moto Gp 3', 1, 1),
(607, 4, 'Mr. Bean', 1, 1),
(608, 3, 'Murder In The Abbey', 1, 1),
(609, 4, 'Musou Orochi Z', 1, 1),
(610, 7, 'My Horse And Me', 2, 1),
(611, 8, 'My Sims', 1, 1),
(612, 3, 'Mystery Case Files: Dire Groove', 1, 1),
(613, 3, 'Nancy Drew: Secrets Can Kill Remastered', 1, 1),
(614, 3, 'Nancy Drew: Shadow At The Water Edge', 1, 1),
(615, 23, 'Nancy Drew: Snake Top', 1, 1),
(616, 3, 'Nancy Drew: The Ransom Of The Seven Ships', 1, 1),
(617, 3, 'Nancy Drew: Trail Of The Twister', 1, 1),
(618, 23, 'Nancy Drew: Warnings At Waverly Academy', 1, 1),
(619, 5, 'Napoleon: Total War', 4, 1),
(620, 4, 'Narc', 1, 1),
(621, 3, 'Narnia - Prince Of Caspian', 2, 1),
(622, 17, 'Naruto Shippuuden Gekitou Ninja Taisen (wii Emulator)', 1, 1),
(623, 38, 'Naruto Ultimate Battles Collection', 1, 1),
(624, 7, 'Nba 2k10', 2, 1),
(625, 7, 'Nba 2k11', 2, 1),
(626, 7, 'Nba 2k9', 2, 1),
(627, 7, 'Nba Live 08', 1, 1),
(628, 26, 'Nds Emulator + Rom Nds', 1, 1),
(629, 2, 'Necrovision', 2, 1),
(630, 4, 'Necrovision: Lost Company', 1, 1),
(631, 1, 'Need For Speed Carbon Ultimate', 1, 1),
(632, 1, 'Need For Speed Underground', 1, 1),
(633, 1, 'Need For Speed Underground 2', 1, 1),
(634, 1, 'Need For Speed: Hot Pursuit', 2, 1),
(635, 1, 'Need For Speed: Most Wanted Black Edition', 1, 1),
(636, 1, 'Need For Speed: Prostreet', 2, 1),
(637, 1, 'Need For Speed: Shift', 2, 1),
(638, 1, 'Need For Speed: Undercover', 2, 1),
(639, 1, 'Need For Speed: World', 1, 1),
(640, 9, 'Neverend', 1, 1),
(641, 9, 'Neverwinter Night 2', 2, 1),
(642, 9, 'Neverwinter Nights 2: Mask Of The Betrayer (expansion)', 1, 1),
(643, 9, 'Neverwinter Nights 2: Storm Of Zehir (expansion)', 2, 1),
(644, 7, 'Nfl Madden 2008', 1, 1),
(645, 7, 'Nhl 08', 1, 1),
(646, 7, 'Nhl 2009', 1, 1),
(647, 3, 'Nibiru: Age Of Secrets', 1, 1),
(648, 3, 'Night At The Museum 2 The Game', 1, 1),
(649, 4, 'Night At The Museum: Battle Of The Smithsonian', 1, 1),
(650, 3, 'Nikopol', 1, 1),
(651, 4, 'Ninja Blade', 1, 1),
(652, 2, 'No One Live Forevers Trilogy 3 In 1', 1, 1),
(653, 5, 'Numen: Contest Of Heroes', 1, 1),
(654, 29, 'O2jam Indogamers Server', 1, 1),
(655, 34, 'O2jam Offline Mandarin', 1, 1),
(656, 11, 'Obscure Ii', 1, 1),
(657, 3, 'Oddworld', 2, 1),
(658, 39, 'Off Road Drive', 1, 1),
(659, 5, 'Officers', 1, 1),
(660, 34, 'Ongaku', 1, 1),
(661, 4, 'Oniblade', 1, 1),
(662, 4, 'Onimusha 3: Demon Siege', 1, 1),
(663, 4, 'Onimusha: Warlords', 1, 1),
(664, 2, 'Operation Flashpoint Complete', 1, 1),
(665, 2, 'Operation Flashpoint: Dragon Rising', 2, 1),
(666, 2, 'Operation Thunderstorm', 1, 1),
(667, 3, 'Operation Wolfsburg', 1, 1),
(668, 2, 'Orange Box', 2, 1),
(669, 9, 'Order Of War', 2, 1),
(670, 3, 'Outcry', 1, 1),
(671, 3, 'Overclocked', 2, 1),
(672, 4, 'Overlord Ii', 1, 1),
(673, 4, 'Overlord: Raising Hell', 1, 1),
(674, 3, 'Pac-man World 3', 1, 1),
(675, 2, 'Painkiller', 1, 1),
(676, 2, 'Painkiller Overdose', 1, 1),
(677, 2, 'Painkiller Redemption', 1, 1),
(678, 2, 'Painkiller: Resurrection', 1, 1),
(679, 8, 'Parkan Ii', 1, 1),
(680, 5, 'Patrician Iv', 1, 1),
(681, 5, 'Patrician Iv Rise Of A Dynasty (ekspansion)', 1, 1),
(682, 5, 'Perimeter 2: New Earth', 1, 1),
(683, 3, 'Perry Rhodan', 1, 1),
(684, 7, 'Petz Sports: Dog Playground', 1, 1),
(685, 9, 'Phantasy Star Universe: Ambition Of The Illuminus', 2, 1),
(686, 4, 'Pirates Of The Caribbean At World''s End', 1, 1),
(687, 4, 'Pirates Of The Caribbean Lojs', 1, 1),
(688, 3, 'Pitfall The Lost Expedition', 1, 1),
(689, 9, 'Planet Alcatraz', 1, 1),
(690, 40, 'Plants Vs Zombies', 1, 1),
(691, 36, 'Poker For Dummies', 1, 1),
(692, 8, 'Poker For Dummies', 1, 1),
(693, 15, 'Pony Friends 2', 1, 1),
(694, 15, 'Pony Friends 2', 1, 1),
(695, 7, 'Pool Hall Pro', 1, 1),
(696, 4, 'Power Rangers: Super Legends', 1, 1),
(697, 2, 'Prey', 1, 1),
(698, 4, 'Prince Of Persia: Prodigy', 2, 1),
(699, 4, 'Prince Of Persia: The Forgotten Sands', 2, 1),
(700, 3, 'Prince Of Persia: The Two Thrones', 1, 1),
(701, 3, 'Prison Break: The Conspiracy', 2, 1),
(702, 7, 'Pro Cycling Manager 2008', 1, 1),
(703, 30, 'Pro Evolution Soccer 2008', 2, 1),
(704, 30, 'Pro Evolution Soccer 2009', 2, 1),
(705, 31, 'Pro Evolution Soccer 2010', 2, 1),
(706, 41, 'Pro Evolution Soccer 2011', 2, 1),
(707, 41, 'Pro Evolution Soccer 2011 (repack Version)', 1, 1),
(708, 2, 'Project: Snow Blind', 1, 1),
(709, 4, 'Prototype', 2, 1),
(710, 38, 'Psp Iso Games Volumes 1', 1, 1),
(711, 38, 'Psp Iso Games Volumes 10', 1, 1),
(712, 38, 'Psp Iso Games Volumes 11', 1, 1),
(713, 38, 'Psp Iso Games Volumes 12', 1, 1),
(714, 38, 'Psp Iso Games Volumes 13', 1, 1),
(715, 38, 'Psp Iso Games Volumes 2', 1, 1),
(716, 38, 'Psp Iso Games Volumes 3', 1, 1),
(717, 38, 'Psp Iso Games Volumes 4', 1, 1),
(718, 38, 'Psp Iso Games Volumes 5', 1, 1),
(719, 38, 'Psp Iso Games Volumes 6', 1, 1),
(720, 38, 'Psp Iso Games Volumes 7', 1, 1),
(721, 38, 'Psp Iso Games Volumes 8', 1, 1),
(722, 38, 'Psp Iso Games Volumes 9', 1, 1),
(723, 8, 'Pt Boats: Knights Of The Sea', 1, 1),
(724, 1, 'Pure', 1, 1),
(725, 1, 'Pyroblazer', 1, 1),
(726, 2, 'Quake 4', 1, 1),
(727, 3, 'Quantumnauts Episode 1 Speed Of Light Space Pirates And Multiverses', 1, 1),
(728, 5, 'R.u.s.e.', 2, 1),
(729, 1, 'Race 07: Official Wtcc Game', 2, 1),
(730, 1, 'Race On', 3, 1),
(731, 29, 'Race Room The Game', 1, 1),
(732, 42, 'Ragnarok Battle Offline Complete With Expansions', 1, 1),
(733, 9, 'Ragnarok Offline: Canopus', 1, 1),
(734, 8, 'Rail Simulator', 1, 1),
(735, 8, 'Rail Simulator Expansion', 1, 1),
(736, 8, 'Railworks', 1, 1),
(737, 8, 'Railworks 2', 1, 1),
(738, 35, 'Rapelay', 1, 1),
(739, 34, 'Ratatouille', 1, 1),
(740, 4, 'Raven Squad', 1, 1),
(741, 43, 'Real Girl Friend', 1, 1),
(742, 31, 'Real Madrid: The Game', 1, 1),
(743, 5, 'Real Warfare: 1242', 1, 1),
(744, 15, 'Recettear: An Item Shop''s Tale', 1, 1),
(745, 2, 'Red Faction: Guerrilla', 2, 1),
(746, 15, 'Reel Deal Card Games', 1, 1),
(747, 15, 'Reel Deal Slots: Adventure Iii ""world Tour""', 1, 1),
(748, 44, 'Reflexive And Game House Games', 1, 1),
(749, 38, 'Reflexive And Game House Games 2009', 1, 1),
(750, 44, 'Reflexive Arcade Games - Collector''s Edition', 1, 1),
(751, 11, 'Resident Evil 4', 1, 1),
(752, 11, 'Resident Evil 5', 2, 1),
(753, 28, 'Restaurant Empire Ii', 1, 1),
(754, 3, 'Return To Mysterious Island', 1, 1),
(755, 29, 'Rf Online Holystone + Bonus', 1, 1),
(756, 29, 'Rf Online: Legend Of Elvel', 1, 1),
(757, 1, 'Rfactor', 1, 1),
(758, 3, 'Rhiannon: Curse Of The Four Branches', 1, 1),
(759, 4, 'Rise Of Argonauts', 2, 1),
(760, 5, 'Rise Of Prussia', 1, 1),
(761, 13, 'Rise.of.flight.1917', 1, 1),
(762, 9, 'Risen', 2, 1),
(763, 2, 'Rogue Trooper', 1, 1),
(764, 4, 'Rogue Warrior', 2, 1),
(765, 45, 'Romance Of Three Kingdom X Dan Xi Chinesse', 1, 1),
(766, 45, 'Romance Of Three Kingdom Xi English', 1, 1),
(767, 5, 'Rome Total War Complete With Expansions', 1, 1),
(768, 4, 'Royal Marines Commando', 1, 1),
(769, 7, 'Rtl Winter Sports 2008', 1, 1),
(770, 7, 'Rugby 08', 1, 1),
(771, 3, 'Runaway: A Twist Of Fate', 2, 1),
(772, 4, 'S.t.a.l.k.e.r.: Shadow Of Chernobyl', 1, 1),
(773, 5, 'Sacraboar', 1, 1),
(774, 4, 'Sacred 2 - Fallen Angel', 3, 1),
(775, 4, 'Sacred 2 - Fallen Angel: Ice And Blood (expansion)', 1, 1),
(776, 4, 'Saint Row 2', 2, 1),
(777, 25, 'Samurai Wariors 2', 1, 1),
(778, 45, 'Sango 2', 1, 1),
(779, 2, 'Sas: Secure Tomorrow', 1, 1),
(780, 4, 'Saw', 1, 1),
(781, 1, 'Sbk 2008', 1, 1),
(782, 1, 'Sbk X: Superbike World Championship', 1, 1),
(783, 1, 'Sbk-09 Superbike World Championship', 1, 1),
(784, 4, 'Scarface: The World Is Yours', 1, 1),
(785, 15, 'Scene It? Twilight', 1, 1),
(786, 10, 'Scorpion Disfigured', 1, 1),
(787, 3, 'Secret Files 2 Puritas Cordis', 1, 1),
(788, 4, 'Secret Service: Ultimate Sacrifice', 1, 1),
(789, 10, 'Section 8', 1, 1),
(790, 1, 'Sega Rally Revo', 1, 1),
(791, 2, 'Serios Sams 2', 1, 1),
(792, 2, 'Serious Sam Hd The Second Encounter Fusion (ekspansion)', 1, 1),
(793, 10, 'Serius Sam Hd Ecounter', 1, 1),
(794, 5, 'Settlers: Rise Of An Empire', 1, 1),
(795, 5, 'Settlers: Rise Of An Empire: The Eastern Realm (expansion)', 1, 1),
(796, 35, 'Sexy Beach 3', 1, 1),
(797, 9, 'Shadow Grounds', 1, 1),
(798, 4, 'Shadowrun', 1, 1),
(799, 5, 'Shattered Sun', 1, 1),
(800, 7, 'Shaun White Snowboarding', 2, 1),
(801, 4, 'Shellshock 2: Blood Trails', 1, 1),
(802, 15, 'Sherlock Holmes Vs Arsene Lupin', 1, 1),
(803, 3, 'Sherlock Holmes Vs Jack The Ripper', 2, 1),
(804, 3, 'Sherlock Holmes: Nemesis', 1, 1),
(805, 3, 'Sherlock Holmes: The Awakened', 1, 1),
(806, 8, 'Ship Simulator Extremes', 1, 1),
(807, 5, 'Shogun: Total War', 1, 1),
(808, 46, 'Shreder 12', 1, 1),
(809, 3, 'Shrek  Forever After', 1, 1),
(810, 3, 'Shrek''s Carnival Craze', 1, 1),
(811, 3, 'Shutter Island', 1, 1),
(812, 6, 'Sid Meier''s Civilization V', 1, 1),
(813, 3, 'Sid Meier''s Pirates!', 1, 1),
(814, 8, 'Sid Meier''s Railroads!', 1, 1),
(815, 11, 'Silent Hill 4', 1, 1),
(816, 11, 'Silent Hill: Home Coming', 2, 1),
(817, 8, 'Silent Hunter 4 Wolves Of The Pacific', 1, 1),
(818, 8, 'Silent Hunter 5', 1, 1),
(819, 8, 'Silent Hunter Iii', 1, 1),
(820, 9, 'Silverfall', 2, 1),
(821, 9, 'Silverfall: Earth Awakening', 2, 1),
(822, 21, 'Sim City Societies', 1, 1),
(823, 8, 'Sim City Societies Deluxe', 1, 1),
(824, 8, 'Simcity 4 Deluxe Edition (complete + Expansion)', 1, 1),
(825, 3, 'Simon The Sorcere 5 Whod Even Want Contact', 1, 1),
(826, 3, 'Simon The Sorcerer', 1, 1),
(827, 3, 'Simon The Sorcerer 4: Chaos Happens', 1, 1),
(828, 9, 'Simon The Sorcerer 5: Who''d Even Want Contact?!', 1, 1),
(829, 38, 'Sims World 2008', 1, 1),
(830, 2, 'Sin Episode 1: Emergence', 1, 1),
(831, 5, 'Sin Of A Solar Empire : Trinity (addon)', 1, 1),
(832, 4, 'Singularity', 2, 1),
(833, 3, 'Sinking Island', 1, 1),
(834, 5, 'Sins Of A Solar Empire', 1, 1),
(835, 15, 'Slingo Quest', 1, 1),
(836, 2, 'Sniper Elite', 1, 1),
(837, 4, 'Soldier Of Fortune: Payback', 1, 1),
(838, 5, 'Soldiers: Heroes Of World War Ii', 1, 1),
(839, 1, 'Sonic & Sega All-stars Racing', 1, 1),
(840, 3, 'Sonic Riders', 1, 1),
(841, 9, 'Space Rangers 2: Rise Of The Dominators', 1, 1),
(842, 9, 'Space Siege', 1, 1),
(843, 2, 'Specnaz 2', 2, 1),
(844, 1, 'Speedway Liga', 1, 1),
(845, 9, 'Spellforce 2: Dragon Storm (expansion)', 1, 1),
(846, 9, 'Spellforce 2: Shadow Wars', 1, 1),
(847, 4, 'Spider-man 3', 1, 1),
(848, 4, 'Spider-man: Shattered Dimensions', 2, 1),
(849, 3, 'Spider-man: Web Of Shadows', 2, 1),
(850, 4, 'Spirit Of The Wolf', 1, 1),
(851, 2, 'Splinter Cell 3 Chaos Theory', 1, 1),
(852, 2, 'Splinter Cell 4 Double Agent', 2, 1),
(853, 1, 'Split/second', 2, 1),
(854, 8, 'Spore', 1, 1),
(855, 29, 'Spore Creature Creators', 1, 1),
(856, 8, 'Spore Galactic Adventures (expansion Dari Spore)', 1, 1),
(857, 8, 'Spore: Creepy And Cute Parts Pack (expansion)', 1, 1),
(858, 1, 'Spy Hunter', 1, 1),
(859, 5, 'Stalin Vs. Martians', 1, 1),
(860, 29, 'Stalker Call Of Pripyat', 1, 1),
(861, 4, 'Stalker: Clear Sky', 1, 1),
(862, 5, 'Star Sentinel Tactics', 1, 1),
(863, 4, 'Star Wars Jedi Knight: Jedi Academy', 1, 1),
(864, 9, 'Star Wars Knights Of The Old Republic Ii: The Sith Lords', 1, 1),
(865, 4, 'Star Wars The Clone Wars: Republic Heroes', 2, 1),
(866, 4, 'Star Wars: Battlefront Ii', 1, 1),
(867, 5, 'Star Wars: Empire At War', 1, 1),
(868, 5, 'Star Wars: Empire At War: Forces Of Corruption', 1, 1),
(869, 9, 'Star Wars: Knights Of The Old Republic', 1, 1),
(870, 4, 'Star Wars: The Force Unleashed', 4, 1),
(871, 9, 'Star Wars: The Force Unleashed 2', 2, 1),
(872, 5, 'Starcraft Ii: Wings Of Liberty', 2, 1),
(873, 6, 'Starpoint Gemini', 1, 1),
(874, 1, 'Stcc The Game', 2, 1),
(875, 2, 'Steel Fury Kharkov 1942e Bonus World War One', 1, 1),
(876, 3, 'Still Life 2', 1, 1),
(877, 5, 'Stormrise', 1, 1),
(878, 4, 'Stranglehold', 4, 1),
(879, 17, 'Street Fighter Iv', 1, 1),
(880, 5, 'Strength & Honour 2', 1, 1),
(881, 3, 'Strong Bad''s Cool Game For Attractive People', 1, 1),
(882, 5, 'Stronghold 2 Deluxe', 1, 1),
(883, 5, 'Stronghold Crusader Extreme', 1, 1),
(884, 5, 'Stronghold Legends', 1, 1),
(885, 5, 'Sudden Strike 3: Arms For Victory', 2, 1),
(886, 9, 'Sudeki', 1, 1),
(887, 7, 'Summer Athletic', 1, 1),
(888, 7, 'Summer Athletics 2009', 1, 1),
(889, 7, 'Summer Athletics: The Ultimate Challenge', 1, 1),
(890, 3, 'Super Mario Galaxy 2 + Wii Emulator', 2, 1),
(891, 26, 'Super Nitendo Rom (1.4gb) + Snes Emulator', 1, 1),
(892, 1, 'Super-bikes Riding Challenge', 1, 1),
(893, 1, 'Superstars V8 Next Challeng', 1, 1),
(894, 1, 'Superstars V8 Racing', 1, 1),
(895, 5, 'Supreme Commander', 2, 1),
(896, 5, 'Supreme Commander 2', 2, 1),
(897, 5, 'Supreme Commander: Forged Alliance', 2, 1),
(898, 2, 'Swat 4', 1, 1),
(899, 5, 'Swine', 1, 1),
(900, 5, 'Takeda 3', 1, 1),
(901, 34, 'Tales Of Monkey Island Special', 1, 1),
(902, 20, 'Tears To Tiara', 1, 1),
(903, 4, 'Terminator Salvation', 2, 1),
(904, 2, 'Terrorist Take Down 2', 1, 1),
(905, 2, 'Terrorist Take Down 3', 1, 1),
(906, 2, 'Terrorist Takedown: Conflict In Mogadishu', 1, 1),
(907, 1, 'Test Drive Unlimited 2', 2, 1),
(908, 1, 'Test Drive Unlimited Working Edition', 1, 1),
(909, 34, 'The Ball', 1, 1),
(910, 2, 'The Chronicles Of Riddick : Assault On Dark Athena', 2, 1),
(911, 4, 'The Club', 1, 1),
(912, 3, 'The Filmmaker', 2, 1),
(913, 3, 'The Godfather Ii', 2, 1),
(914, 5, 'The Golden Horde', 1, 1),
(915, 5, 'The Guilds 2', 1, 1),
(916, 5, 'The Guilds 2: Pirate Of The European Seas (expansion)', 1, 1),
(917, 5, 'The Guilds 2: Venice (expansion)', 1, 1),
(918, 18, 'The Heirs To St.pauli', 1, 1),
(919, 6, 'The History Channel: Great Battles - Medieval', 1, 1),
(920, 4, 'The Incredible Hulk', 1, 1),
(921, 9, 'The Last Remnant', 3, 1),
(922, 4, 'The Lord Of The Ring: Conquest', 2, 1),
(923, 4, 'The Lord Of The Ring: Rise Of The Witch King (expansion)', 1, 1),
(924, 4, 'The Lord Of The Rings: The Battle For Middle-earth Ii', 1, 1),
(925, 3, 'The Lost Crown: A Ghost-hunting Adventure', 1, 1),
(926, 4, 'The Mark', 1, 1),
(927, 8, 'The Movies + Bonus', 1, 1),
(928, 4, 'The Precursors', 2, 1),
(929, 47, 'The Price Is Right 2010 Edition', 1, 1),
(930, 4, 'The Princess And The Frog', 1, 1),
(931, 4, 'The Punisher', 1, 1),
(932, 4, 'The Saboteur', 2, 1),
(933, 10, 'The Scourge Project Episode 1 And 2', 2, 1),
(934, 3, 'The Secret Of Monkey Island: Special Edition', 1, 1),
(935, 5, 'The Settlers 7: Paths To A Kingdom', 2, 1),
(936, 48, 'The Sims 2 Addon Packs 2008 (add On)', 1, 1),
(937, 48, 'The Sims 2 Apartment Life (expansion)', 1, 1),
(938, 48, 'The Sims 2 Bon Voyage', 1, 1),
(939, 48, 'The Sims 2 Double Deluxe', 1, 1),
(940, 48, 'The Sims 2 Expansion Packs Collection', 1, 1),
(941, 48, 'The Sims 2 Free Time (expansion)', 1, 1),
(942, 48, 'The Sims 2 Gold', 1, 1),
(943, 48, 'The Sims 2: Mansion And Garden', 1, 1),
(944, 48, 'The Sims 3 - Create A Sim (expansion)', 1, 1),
(945, 48, 'The Sims 3 (razor) Full Version', 2, 1),
(946, 48, 'The Sims 3 (reloaded ? Beta)', 2, 1),
(947, 48, 'The Sims 3 High End Loft Stuff  (add On)', 1, 1),
(948, 48, 'The Sims 3 World Adventure (add On)', 2, 1),
(949, 48, 'The Sims 3: Ambitions (expansion)', 1, 1),
(950, 48, 'The Sims 3: Fast Lane Stuff', 2, 1),
(951, 48, 'The Sims 3: Late Night', 2, 1),
(952, 8, 'The Sims 3: Outdoor Living Stuff (expansion)', 1, 1),
(953, 48, 'The Sims Castaway Stories', 1, 1),
(954, 48, 'The Sims Life Stories', 1, 1),
(955, 48, 'The Sims Pet Stories', 1, 1),
(956, 48, 'The Sims Platinum Edition', 1, 1),
(957, 2, 'The Stalin Subway 2: Red Veil', 1, 1),
(958, 9, 'The Tale Of Desperaux', 1, 1),
(959, 8, 'The Tomorrow War', 1, 1),
(960, 3, 'The Void', 1, 1),
(961, 3, 'The Whispered World', 1, 1),
(962, 9, 'The Witcher', 2, 1),
(963, 9, 'The Witcher Enhanced Edition', 3, 1),
(964, 5, 'Theater Of War', 1, 1),
(965, 5, 'Theatre Of War 2 Africa 1943', 1, 1),
(966, 5, 'Theatre Of War 2 Battle For Caen (expansion)', 1, 1),
(967, 5, 'Theatre Of War 2: Centauro (expansion)', 1, 1),
(968, 5, 'Theatre Of War Ii - Kursk 1943', 1, 1),
(969, 5, 'Theatre Of War Iii', 1, 1),
(970, 7, 'Tiger Woods Pga Tour 08', 1, 1),
(971, 2, 'Time Shift', 1, 1),
(972, 9, 'Titan Quest', 1, 1),
(973, 9, 'Titan Quest: Immortal Throne (expansion)', 1, 1),
(974, 4, 'Tmnt Teenage Mutant Ninja Turtles', 1, 1),
(975, 2, 'Tom Clancy?s Rainbow Six Las Vegas', 2, 1),
(976, 2, 'Tom Clancy?s Rainbow Six Las Vegas 2', 2, 1),
(977, 2, 'Tom Clancy?s Rainbow Six Lockdown', 1, 1),
(978, 5, 'Tom Clancy''s Endwar', 2, 1),
(979, 2, 'Tom Clancy''s Ghost Recon Advanced Warfighter', 1, 1),
(980, 2, 'Tom Clancy''s Ghost Recon Advanced Warfighter 2', 1, 1),
(981, 22, 'Tom Clancy''s H.a.w.x 2', 2, 1),
(982, 19, 'Tom Clancy''s Hawx', 2, 1),
(983, 2, 'Tom Clancy''s Rainbow Six 3: Raven Shield', 1, 1),
(984, 2, 'Tom Clancy''s Splinter Cell: Conviction', 2, 1),
(985, 3, 'Tomb Raider Anniversary', 1, 1),
(986, 3, 'Tomb Raider: Legend', 1, 1),
(987, 3, 'Tomb Raider: The Angel Of Darkness', 1, 1),
(988, 3, 'Tomb Raider: Underworld', 2, 1),
(989, 7, 'Tony Hawk''s American Wasteland', 1, 1),
(990, 7, 'Top Spin 2', 1, 1),
(991, 8, 'Tow Truck Simulator 2010', 1, 1),
(992, 34, 'Toy Story 3', 1, 1),
(993, 15, 'Toy Story Mania', 1, 1),
(994, 1, 'Trackmania Sunrise + Extreme', 1, 1),
(995, 1, 'Trackmania United', 1, 1),
(996, 1, 'Trackmania United Forever', 1, 1),
(997, 8, 'Train Driver', 1, 1),
(998, 8, 'Trainz Simulator 2009', 1, 1),
(999, 8, 'Trainz Simulator 2010: Engineers Edition', 2, 1),
(1000, 3, 'Transformer', 1, 1),
(1001, 3, 'Transformers: Revenge Of The Fallen', 2, 1),
(1002, 4, 'Transformers: War For Cybertron', 2, 1),
(1003, 4, 'Trine', 1, 1),
(1004, 4, 'Tron: Evolution', 2, 1),
(1005, 3, 'Tropico 3', 1, 1),
(1006, 6, 'Tropico 3: Absolute Power Review', 1, 1),
(1007, 4, 'Tunnel Rats', 1, 1),
(1008, 1, 'Turismo Carretera Stock Cars Argentina', 1, 1),
(1009, 2, 'Turning Point: Fall Of Liberty', 2, 1),
(1010, 2, 'Turok', 3, 1),
(1011, 4, 'Twin Sector', 1, 1),
(1012, 9, 'Two Worlds', 2, 1),
(1013, 9, 'Two Worlds 2', 2, 1),
(1014, 21, 'Tycoon City Newyork', 1, 1),
(1015, 30, 'Uefa Euro 2008', 1, 1),
(1016, 1, 'Uk Truck Simulator', 1, 1),
(1017, 4, 'Ultimate Spiderman', 1, 1),
(1018, 5, 'Universe At War Earth Assault', 1, 1),
(1019, 2, 'Unreal Turnament 3', 2, 1),
(1020, 3, 'Up', 1, 1),
(1021, 20, 'Utawarerumono', 1, 1),
(1022, 7, 'Vancouver 2010', 1, 1),
(1023, 4, 'Velvet Assassin', 2, 1),
(1024, 9, 'Venetica', 1, 1),
(1025, 9, 'Venetica English Version', 2, 1),
(1026, 1, 'Vertigo', 1, 1),
(1027, 5, 'Victoria Ii', 1, 1),
(1028, 4, 'Vietcong 2', 1, 1),
(1029, 7, 'Virtua Tennis 2009', 1, 1),
(1030, 7, 'Virtua Tennis 3', 1, 1),
(1031, 15, 'Viva Pinata', 2, 1),
(1032, 3, 'Wallace & Gromit''s Grand Adventures', 1, 1),
(1033, 3, 'Wall-e', 1, 1),
(1034, 10, 'Wanted: Weapons Of Fate', 1, 1),
(1035, 5, 'War Leaders: Clash Of Nations', 3, 1),
(1036, 5, 'War On Terror: Modern Warfare', 1, 1),
(1037, 8, 'Warbirds Extreme', 1, 1),
(1038, 5, 'Warcraft 3: Frozen Throne', 1, 1),
(1039, 5, 'Warfare', 1, 1),
(1040, 5, 'Warfare', 1, 1),
(1041, 5, 'Warhammer 40.000: Dawn Of War Ii Retribution', 2, 1),
(1042, 5, 'Warhammer 40000: Dawn Of War + Bonus', 1, 1),
(1043, 5, 'Warhammer 40000: Dawn Of War 2 - Chaos Rising', 2, 1),
(1044, 5, 'Warhammer 40000: Dawn Of War Ii', 2, 1),
(1045, 5, 'Warhammer 40000: Dawn Of War:  Soulstorm', 1, 1),
(1046, 5, 'Warhammer 40000: Dawn Of War: Dark Crusade', 1, 1),
(1047, 5, 'Warhammer 40000: Dawn Of War: Winter Assault', 1, 1),
(1048, 5, 'Warhammer: Mark Of Chaos', 1, 1),
(1049, 5, 'Warhammer: Mark Of Chaos Battle March (expansion)', 1, 1),
(1050, 25, 'Warrior Orochi', 1, 1),
(1051, 4, 'Watchmen: The End Is Nigh', 1, 1),
(1052, 4, 'Watchmen: The End Is Nigh Part 2', 1, 1),
(1053, 1, 'Wheelman + Bonus', 1, 1),
(1054, 3, 'Where''s Waldo? The Fantastic Journey', 1, 1),
(1055, 49, 'Wii Battle Tanks T-34 Vs Tiger', 1, 1),
(1056, 8, 'Wings Of Prey', 2, 1),
(1057, 30, 'Winning Eleven Pro Evolution Soccer 2007', 1, 1),
(1058, 4, 'Wolfenstein', 1, 1),
(1059, 2, 'Wolfschanze Ii', 1, 1),
(1060, 8, 'World Basketball Manager 2008', 1, 1),
(1061, 7, 'World Championship: Snookerworld', 1, 1),
(1062, 5, 'World In Conflict', 1, 1),
(1063, 5, 'World In Conflict: Soviet Assault', 1, 1),
(1064, 15, 'World Of Goo + Multiwinia', 1, 1),
(1065, 8, 'World Of Subway Volume 1', 1, 1),
(1066, 8, 'World Of Subway Volume 2', 1, 1),
(1067, 29, 'World Of Warcraft : Wrath Of The Lich King', 4, 1),
(1068, 38, 'World Tycoon', 1, 1),
(1069, 5, 'World War One', 1, 1),
(1070, 5, 'Worldshift', 1, 1),
(1071, 5, 'Worms 4: Mayhem', 1, 1),
(1072, 34, 'Worms Collection', 1, 1),
(1073, 6, 'Worms Reloaded', 1, 1),
(1074, 1, 'Wrc Fia World Rally Championship', 1, 1),
(1075, 8, 'X3: Reunion', 3, 1),
(1076, 4, 'X-blade', 1, 1),
(1077, 5, 'Xii Death Or Glory', 1, 1),
(1078, 4, 'Xiii', 1, 1),
(1079, 4, 'X-men Iii: The Official Game', 1, 1),
(1080, 4, 'X-men Origins: Wolverine', 2, 1),
(1081, 19, 'X-plane 8', 1, 1),
(1082, 19, 'X-plane 9', 2, 1),
(1083, 4, 'Xyanide Resurrection', 1, 1),
(1084, 20, 'Yinyang: X-change Alternative', 1, 1),
(1085, 47, 'You Don''t Know Jack', 1, 1),
(1086, 9, 'Ys: The Oath In Felghana + English Patch', 1, 1),
(1087, 4, 'Zeit Squared', 1, 1),
(1088, 1, 'Zombie Driver', 1, 1),
(1089, 3, 'Zombie Pirates Collector Edition', 1, 1),
(1090, 38, 'Zoo World', 1, 1);

-- --------------------------------------------------------

--
-- Table structure for table `master_listkat`
--

CREATE TABLE IF NOT EXISTS `master_listkat` (
  `lkat_id` int(11) NOT NULL AUTO_INCREMENT,
  `lkat_nama` varchar(200) NOT NULL,
  `lkat_status` int(11) NOT NULL DEFAULT '1',
  PRIMARY KEY (`lkat_id`)
) ENGINE=InnoDB  DEFAULT CHARSET=latin1 AUTO_INCREMENT=50 ;

--
-- Dumping data for table `master_listkat`
--

INSERT INTO `master_listkat` (`lkat_id`, `lkat_nama`, `lkat_status`) VALUES
(1, 'Racing Simulation', 1),
(2, 'FPS', 1),
(3, 'Adventure', 1),
(4, 'Action', 1),
(5, 'Real Time Strategy', 1),
(6, 'Strategy', 1),
(7, 'Sport', 1),
(8, 'Simulation', 1),
(9, 'RPG', 1),
(10, 'Shooter', 1),
(11, 'Horror', 1),
(12, 'Horror FPS', 1),
(13, 'Flight adventure', 1),
(14, 'Soccer Strategy', 1),
(15, 'Puzzle', 1),
(16, 'Card games', 1),
(17, 'Fighting', 1),
(18, 'Unknown', 1),
(19, 'Flight Simulation', 1),
(20, 'Visual Novel', 1),
(21, 'City Simulation', 1),
(22, 'Flight Wars', 1),
(23, 'Detective', 1),
(24, 'Fishing Simulation', 1),
(25, 'Historic Action', 1),
(26, 'Emulator ROM', 1),
(27, 'Drive Adventure', 1),
(28, 'Tycoon', 1),
(29, 'Online Games', 1),
(30, 'Soccer sport', 1),
(31, 'Soccer', 1),
(32, 'Soccer manager', 1),
(33, 'Guitar Simulation', 1),
(34, 'Arcade', 1),
(35, 'Eroge', 1),
(36, 'Card Duel', 1),
(37, '3D Visual Novel', 1),
(38, 'Compilation', 1),
(39, 'Offroad adventure', 1),
(40, 'Tower Defense', 1),
(41, 'Soccer simulation', 1),
(42, '3D Battle', 1),
(43, 'Dating Simulator', 1),
(44, 'Mini Games', 1),
(45, 'Historic Strategy', 1),
(46, 'Chess', 1),
(47, 'Quiz', 1),
(48, 'Virtual Life', 1),
(49, 'Tank Battles', 1);

-- --------------------------------------------------------

--
-- Table structure for table `master_tarif`
--

CREATE TABLE IF NOT EXISTS `master_tarif` (
  `tarif_id` int(11) NOT NULL AUTO_INCREMENT,
  `paket_id` int(11) NOT NULL,
  `dari` int(11) NOT NULL,
  `tujuan` int(11) NOT NULL,
  `tarif_hrg` int(11) NOT NULL,
  `tarif_cas` int(11) NOT NULL,
  PRIMARY KEY (`tarif_id`),
  KEY `paket_id` (`paket_id`)
) ENGINE=MyISAM  DEFAULT CHARSET=latin1 AUTO_INCREMENT=9 ;

--
-- Dumping data for table `master_tarif`
--

INSERT INTO `master_tarif` (`tarif_id`, `paket_id`, `dari`, `tujuan`, `tarif_hrg`, `tarif_cas`) VALUES
(1, 2, 2, 7, 9000, 0),
(2, 2, 2, 5, 25000, 0),
(3, 2, 7, 10, 6000, 0),
(4, 2, 2, 11, 9000, 0),
(5, 1, 2, 8, 9000, 0),
(6, 2, 2, 2, 4000, 0),
(7, 2, 2, 6, 32000, 0),
(8, 1, 2, 9, 9000, 0);

-- --------------------------------------------------------

--
-- Table structure for table `master_tiki`
--

CREATE TABLE IF NOT EXISTS `master_tiki` (
  `tiki_id` int(11) NOT NULL AUTO_INCREMENT,
  `tiki_kode` varchar(20) NOT NULL,
  `tiki_master` int(11) NOT NULL DEFAULT '0',
  `tiki_level` int(11) NOT NULL DEFAULT '1',
  `tiki_wilayah` varchar(50) NOT NULL,
  PRIMARY KEY (`tiki_id`)
) ENGINE=MyISAM  DEFAULT CHARSET=latin1 AUTO_INCREMENT=12 ;

--
-- Dumping data for table `master_tiki`
--

INSERT INTO `master_tiki` (`tiki_id`, `tiki_kode`, `tiki_master`, `tiki_level`, `tiki_wilayah`) VALUES
(1, '01', 0, 1, 'Jawa Barat'),
(2, '01.01', 1, 2, 'Bandung'),
(3, '02', 0, 1, 'Bangka Belitung'),
(4, '02.01', 3, 2, 'Mentok'),
(5, '02.02', 3, 2, 'Pk. Pinang'),
(6, '02.03', 3, 2, 'Sungai Liat'),
(7, '01.02', 1, 2, 'Jakarta'),
(8, '01.03', 1, 2, 'Cimahi'),
(9, '01.04', 1, 2, 'Cianjur'),
(10, '01.05', 1, 2, 'Bogor'),
(11, '01.06', 1, 2, 'Bekasi');

-- --------------------------------------------------------

--
-- Table structure for table `master_tiki_paket`
--

CREATE TABLE IF NOT EXISTS `master_tiki_paket` (
  `paket_id` int(11) NOT NULL AUTO_INCREMENT,
  `paket_nama` varchar(50) NOT NULL,
  PRIMARY KEY (`paket_id`)
) ENGINE=MyISAM  DEFAULT CHARSET=latin1 AUTO_INCREMENT=3 ;

--
-- Dumping data for table `master_tiki_paket`
--

INSERT INTO `master_tiki_paket` (`paket_id`, `paket_nama`) VALUES
(1, 'Reguler'),
(2, 'One Day Service');

-- --------------------------------------------------------

--
-- Table structure for table `pengiriman`
--

CREATE TABLE IF NOT EXISTS `pengiriman` (
  `kirim_id` int(11) NOT NULL AUTO_INCREMENT,
  `kirim_tgl` timestamp NOT NULL DEFAULT CURRENT_TIMESTAMP,
  `jual_id` int(11) NOT NULL,
  `tarif_id` int(11) NOT NULL,
  `total_biaya` decimal(20,2) NOT NULL,
  `alamat` text NOT NULL,
  `notelp` varchar(100) NOT NULL,
  `no_resi` varchar(150) NOT NULL,
  `scan_resi` varchar(150) NOT NULL,
  PRIMARY KEY (`kirim_id`),
  KEY `jual_id` (`jual_id`),
  KEY `tarif_id` (`tarif_id`)
) ENGINE=MyISAM  DEFAULT CHARSET=latin1 AUTO_INCREMENT=13 ;

--
-- Dumping data for table `pengiriman`
--

INSERT INTO `pengiriman` (`kirim_id`, `kirim_tgl`, `jual_id`, `tarif_id`, `total_biaya`, `alamat`, `notelp`, `no_resi`, `scan_resi`) VALUES
(1, '2011-05-10 13:34:01', 1, 5, 189001.00, 'Bupas', '', '4131', ''),
(2, '2011-05-10 13:55:04', 5, 5, 249002.00, 'KOMP BUPAS C2 NO2', '', '1103004', '2af91bcead.jpg'),
(3, '2011-05-10 21:56:25', 8, 5, 189003.00, 'upASB', '', 'WGS70001', '34f4efeebd.jpg'),
(5, '2011-05-11 13:56:18', 15, 5, 159002.00, 'BUPAS', '', 'A12345', 'cfa3b5738c.jpg'),
(6, '2011-05-11 14:23:14', 16, 8, 159003.00, 'No2 4/12', '', 'AA112331', '1b3ce73cc2.jpg'),
(10, '2011-05-13 15:08:57', 21, 2, 175001.00, 'Bukit Baru, belakang kelenteng', '', '123123333', '4243ed4258.jpg');

-- --------------------------------------------------------

--
-- Table structure for table `penjualan`
--

CREATE TABLE IF NOT EXISTS `penjualan` (
  `jual_id` int(11) NOT NULL AUTO_INCREMENT,
  `jual_tgl` datetime NOT NULL,
  `jual_no` varchar(15) NOT NULL,
  `jual_trace` int(11) NOT NULL,
  `email` varchar(50) NOT NULL,
  `tot_jumlah` int(11) NOT NULL DEFAULT '0',
  `tot_dvd` int(11) NOT NULL DEFAULT '0',
  `bonus` int(2) NOT NULL DEFAULT '0',
  `tot_harga` decimal(20,2) NOT NULL DEFAULT '0.00',
  `session_id` text NOT NULL,
  `status` int(11) NOT NULL DEFAULT '0',
  `akses_terakhir` timestamp NOT NULL DEFAULT CURRENT_TIMESTAMP,
  PRIMARY KEY (`jual_id`)
) ENGINE=MyISAM  DEFAULT CHARSET=latin1 AUTO_INCREMENT=28 ;

--
-- Dumping data for table `penjualan`
--

INSERT INTO `penjualan` (`jual_id`, `jual_tgl`, `jual_no`, `jual_trace`, `email`, `tot_jumlah`, `tot_dvd`, `bonus`, `tot_harga`, `session_id`, `status`, `akses_terakhir`) VALUES
(1, '2011-05-10 08:32:03', '11/05/SL0001', 1, 'achri@localhost', 5, 7, 1, 180000.00, '', 3, '2011-05-10 13:32:03'),
(5, '2011-05-10 08:53:44', '11/05/SL0002', 2, 'achri@localhost', 10, 10, 2, 240000.00, '', 3, '2011-05-10 13:53:44'),
(8, '2011-05-10 13:22:18', '11/05/SL0003', 3, 'achri@localhost', 4, 7, 1, 180000.00, '', 3, '2011-05-10 18:22:18'),
(15, '2011-05-11 08:55:08', '11/05/SL0006', 2, 'achri@localhost', 4, 6, 1, 150000.00, '', 3, '2011-05-11 13:55:08'),
(16, '2011-05-11 09:22:28', '11/05/SL0007', 3, 'achri@localhost', 3, 6, 1, 150000.00, '', 3, '2011-05-11 14:22:28'),
(27, '2011-05-17 06:51:33', '11/05/SL0015', 1, 'achri@localhost', 4, 7, 1, 180000.00, '', 5, '2011-05-17 11:51:33'),
(21, '2011-05-13 10:06:42', '11/05/SL0012', 1, 'achri@localhost', 4, 6, 1, 150000.00, '', 3, '2011-05-13 15:06:42');

-- --------------------------------------------------------

--
-- Table structure for table `penjualan_detail`
--

CREATE TABLE IF NOT EXISTS `penjualan_detail` (
  `id` int(11) NOT NULL AUTO_INCREMENT,
  `jual_id` int(11) NOT NULL,
  `dvd_id` int(11) NOT NULL,
  `kat_id` int(11) NOT NULL,
  `jumlah` int(11) NOT NULL,
  `harga` decimal(20,2) NOT NULL DEFAULT '0.00',
  PRIMARY KEY (`id`),
  KEY `jual_id` (`jual_id`),
  KEY `dvd_id` (`dvd_id`),
  KEY `kat_id` (`kat_id`)
) ENGINE=MyISAM  DEFAULT CHARSET=latin1 AUTO_INCREMENT=115 ;

--
-- Dumping data for table `penjualan_detail`
--

INSERT INTO `penjualan_detail` (`id`, `jual_id`, `dvd_id`, `kat_id`, `jumlah`, `harga`) VALUES
(2, 1, 148, 3, 1, 30000.00),
(3, 1, 24, 1, 1, 30000.00),
(4, 1, 22, 1, 1, 30000.00),
(5, 1, 163, 6, 1, 60000.00),
(64, 21, 29, 2, 1, 30000.00),
(11, 5, 5, 1, 2, 60000.00),
(12, 5, 2, 1, 2, 60000.00),
(14, 5, 4, 1, 2, 60000.00),
(15, 5, 1, 1, 2, 60000.00),
(22, 8, 156, 5, 1, 60000.00),
(23, 8, 153, 5, 1, 60000.00),
(114, 27, 1, 1, 1, 30000.00),
(21, 8, 157, 5, 1, 60000.00),
(26, 9, 148, 3, 1, 30000.00),
(27, 9, 163, 6, 1, 60000.00),
(28, 9, 8, 1, 1, 30000.00),
(49, 15, 102, 3, 2, 120000.00),
(110, 27, 96, 3, 1, 90000.00),
(50, 15, 101, 3, 1, 30000.00),
(51, 15, 111, 3, 1, 30000.00),
(52, 16, 143, 4, 1, 60000.00),
(53, 16, 144, 4, 1, 60000.00),
(54, 16, 159, 5, 1, 60000.00),
(109, 27, 145, 4, 1, 60000.00),
(65, 21, 27, 2, 1, 60000.00),
(66, 21, 141, 4, 1, 30000.00),
(67, 21, 143, 4, 1, 60000.00),
(113, 27, 142, 4, 1, 30000.00);

-- --------------------------------------------------------

--
-- Table structure for table `sys_counter`
--

CREATE TABLE IF NOT EXISTS `sys_counter` (
  `tahun` int(11) NOT NULL DEFAULT '0',
  `bulan` int(11) NOT NULL DEFAULT '0',
  `jual_no` int(11) NOT NULL DEFAULT '1',
  `cs_no` int(11) NOT NULL DEFAULT '1'
) ENGINE=MyISAM DEFAULT CHARSET=latin1;

--
-- Dumping data for table `sys_counter`
--

INSERT INTO `sys_counter` (`tahun`, `bulan`, `jual_no`, `cs_no`) VALUES
(2011, 5, 16, 1);

-- --------------------------------------------------------

--
-- Table structure for table `sys_user`
--

CREATE TABLE IF NOT EXISTS `sys_user` (
  `usr_id` int(4) NOT NULL AUTO_INCREMENT,
  `usr_login` varchar(20) NOT NULL DEFAULT '',
  `usr_pwd1` varchar(50) DEFAULT NULL,
  `usr_pwd2` varchar(50) NOT NULL DEFAULT '',
  `usr_nama` varchar(100) DEFAULT NULL,
  `usr_image` varchar(100) DEFAULT NULL,
  `ucat_id` int(11) NOT NULL DEFAULT '2',
  `lastTime_log` datetime DEFAULT NULL,
  `lastIP_log` varchar(50) DEFAULT NULL,
  `newTime_log` datetime DEFAULT NULL,
  `newIP_log` varchar(50) DEFAULT NULL,
  `offTime_log` datetime DEFAULT NULL,
  `offIP_log` varchar(50) DEFAULT NULL,
  `login_status` int(11) NOT NULL DEFAULT '1',
  PRIMARY KEY (`usr_id`),
  UNIQUE KEY `usr_login` (`usr_login`),
  KEY `usr_name` (`usr_nama`)
) ENGINE=MyISAM  DEFAULT CHARSET=latin1 PACK_KEYS=0 ROW_FORMAT=DYNAMIC AUTO_INCREMENT=2 ;

--
-- Dumping data for table `sys_user`
--

INSERT INTO `sys_user` (`usr_id`, `usr_login`, `usr_pwd1`, `usr_pwd2`, `usr_nama`, `usr_image`, `ucat_id`, `lastTime_log`, `lastIP_log`, `newTime_log`, `newIP_log`, `offTime_log`, `offIP_log`, `login_status`) VALUES
(1, 'admin', '202cb962ac59075b964b07152d234b70', 'caf1a3dfb505ffed0d024130f58c5cfa', NULL, NULL, 2, '2011-04-28 10:31:04', '::1', '2011-05-13 10:05:44', '127.0.0.1', NULL, NULL, 1);

-- --------------------------------------------------------

--
-- Table structure for table `testimonial`
--

CREATE TABLE IF NOT EXISTS `testimonial` (
  `cs_id` int(11) NOT NULL AUTO_INCREMENT,
  `kirim_id` int(11) NOT NULL,
  `dvd_id` int(11) NOT NULL,
  `cs_tgl` timestamp NOT NULL DEFAULT CURRENT_TIMESTAMP,
  `keluhan` text NOT NULL,
  `solusi` text NOT NULL,
  `status` int(11) NOT NULL,
  PRIMARY KEY (`cs_id`),
  KEY `kirim_id` (`kirim_id`,`dvd_id`)
) ENGINE=MyISAM DEFAULT CHARSET=latin1 AUTO_INCREMENT=1 ;

--
-- Dumping data for table `testimonial`
--

